Symbol,Name,Last Sale,Net Change,% Change, Market Cap ,Country,IPO Year,Volume,Sector,Industry
A,Agilent Technologies Inc. Common Stock,$132.83 ,1.84,1.41%,"38,919,734,869.00",United States,1999,1407239,Industrials,Electrical Products
AAPL,Apple Inc. Common Stock,$191.73 ,-0.69,-0.36%,2.96E+12,United States,1980,47038247,Technology,Computer Manufacturing
ABBV,AbbVie Inc. Common Stock,$163.91 ,-0.49,-0.30%,2.89E+11,United States,2012,4704049,Health Care,Biotechnology: Pharmaceutical Preparations
ABNB,Airbnb Inc. Class A Common Stock,$152.70 ,3.08,2.06%,"99,016,491,609.00",United States,2020,5314941,Consumer Discretionary,Hotels/Resorts
ABT,Abbott Laboratories Common Stock,$113.45 ,1.44,1.29%,1.97E+11,United States,,6479416,Health Care,Medical/Dental Instruments
ACI,Albertsons Companies Inc. Class A Common Stock,$21.70 ,-0.14,-0.64%,"12,500,065,092.00",United States,2020,2846269,Consumer Staples,Food Chains
ACM,AECOM Common Stock,$89.62 ,0.26,0.29%,"12,187,177,703.00",United States,2007,622714,Consumer Discretionary,Military/Government/Technical
ADBE,Adobe Inc. Common Stock,$630.23 ,16.3,2.66%,2.85E+11,United States,1986,3209404,Technology,Computer Software: Prepackaged Software
ADI,Analog Devices Inc. Common Stock,$197.20 ,3.27,1.69%,"97,779,565,570.00",United States,,2766519,Technology,Semiconductors
ADM,Archer-Daniels-Midland Company Common Stock,$54.94 ,2.89,5.55%,"29,303,966,150.00",United States,,11730578,Consumer Staples,Packaged Foods
ADP,Automatic Data Processing Inc. Common Stock,$237.71 ,1.61,0.68%,"97,771,259,729.00",United States,,2164843,Technology,EDP Services
ADSK,Autodesk Inc. Common Stock,$257.23 ,4.16,1.64%,"55,025,439,050.00",United States,,937274,Technology,Computer Software: Prepackaged Software
AEE,Ameren Corporation Common Stock,$69.79 ,0.28,0.40%,"18,350,934,900.00",United States,,1500222,Utilities,Power Generation
AEP,American Electric Power Company Inc. Common Stock,$78.38 ,0.54,0.69%,"41,218,132,115.00",United States,,2305874,Utilities,Electric Utilities: Central
AES,The AES Corporation Common Stock,$17.28 ,0.13,0.76%,"11,571,189,725.00",United States,,4549007,Utilities,Electric Utilities: Central
AESC,The AES Corporation Corporate Units,$68.08 ,0.27,0.40%,"45,588,344,703.00",United States,,16942,Utilities,Electric Utilities: Central
AFG,American Financial Group Inc. Common Stock,$121.17 ,0.9,0.75%,"10,151,357,117.00",United States,,217767,Finance,Property-Casualty Insurers
AFL,AFLAC Incorporated Common Stock,$84.59 ,-0.72,-0.84%,"49,432,694,811.00",United States,,1737605,Finance,Accident &Health Insurance
AFRM,Affirm Holdings Inc. Class A Common Stock,$43.77 ,2.43,5.88%,"13,206,878,534.00",United States,2021,15730548,Consumer Discretionary,Business Services
AGNCL,AGNC Investment Corp. Depositary Shares Each Representing a 1/1000th Interest in a Share of 7.75% Series G Fixed-Rate Reset Cumulative Redeemable Preferred Stock,$22.60 ,0.13,0.58%,"15,166,992,413.00",United States,,22559,Real Estate,Real Estate Investment Trusts
AGNCM,AGNC Investment Corp. Depositary Shares rep 6.875% Series D Fixed-to-Floating Cumulative Redeemable Preferred Stock,$24.29 ,-0.08,-0.33%,"16,301,161,315.00",United States,,5309,Real Estate,Real Estate Investment Trusts
AGNCN,AGNC Investment Corp. Depositary Shares Each Representing a 1/1000th Interest in a Share of 7.00% Series C Fixed-To-Floating Rate Cumulative Redeemable Preferred Stock,$25.59 ,0.04,0.16%,"17,173,598,932.00",United States,,28340,Real Estate,Real Estate Investment Trusts
AGNCO,AGNC Investment Corp. Depositary Shares each representing a 1/1000th interest in a share of 6.50% Series E Fixed-to-Floating Cumulative Redeemable Preferred Stock,$24.30 ,-0.07,-0.29%,"16,307,872,374.00",United States,,25703,Real Estate,Real Estate Investment Trusts
AGNCP,AGNC Investment Corp. Depositary Shares Each Representing a 1/1000th Interest in a Share of 6.125% Series F Fixed-to-Floating Rate Cumulative Redeemable Preferred Stock,$23.00 ,-0.06,-0.26%,"15,435,434,757.00",United States,,56064,Real Estate,Real Estate Investment Trusts
AGR,Avangrid Inc. Common Stock,$30.75 ,0.31,1.02%,"11,893,205,636.00",United States,2015,483132,Utilities,Electric Utilities: Central
AIG,American International Group Inc. New Common Stock,$69.37 ,-0.16,-0.23%,"48,700,538,594.00",United States,,3167155,Finance,Life Insurance
AJG,Arthur J. Gallagher & Co. Common Stock,$228.78 ,-4.25,-1.82%,"49,393,602,000.00",United States,,1440026,Finance,Specialty Insurers
AKAM,Akamai Technologies Inc. Common Stock,$124.53 ,1.47,1.20%,"18,783,055,163.00",United States,1999,1392220,Consumer Discretionary,Business Services
ALB,Albemarle Corporation Common Stock,$123.20 ,3.36,2.80%,"14,457,923,110.00",United States,,1990463,Industrials,Major Chemicals
ALGN,Align Technology Inc. Common Stock,$270.39 ,6.11,2.31%,"20,708,930,534.00",United States,2001,1166138,Health Care,Industrial Specialties
ALL,Allstate Corporation (The) Common Stock,$156.06 ,-2.31,-1.46%,"40,838,883,208.00",United States,,1277042,Finance,Property-Casualty Insurers
ALLE,Allegion plc Ordinary Shares,$126.86 ,1.99,1.59%,"11,136,730,623.00",United States,2013,638219,Consumer Discretionary,Diversified Commercial Services
ALLY,Ally Financial Inc. Common Stock,$37.74 ,0.12,0.32%,"11,383,531,107.00",United States,2014,2799276,Finance,Major Banks
ALNY,Alnylam Pharmaceuticals Inc. Common Stock,$180.96 ,1.34,0.75%,"22,709,200,070.00",United States,2004,1044457,Health Care,Biotechnology: Pharmaceutical Preparations
AMAT,Applied Materials Inc. Common Stock,$168.48 ,1.58,0.95%,1.40E+11,United States,1972,5369208,Technology,Industrial Machinery/Components
AMD,Advanced Micro Devices Inc. Common Stock,$177.83 ,0.58,0.33%,2.87E+11,United States,,89074177,Technology,Semiconductors
AME,AMETEK Inc.,$165.33 ,1.81,1.11%,"38,157,941,962.00",United States,,982169,Industrials,Industrial Machinery/Components
AMGN,Amgen Inc. Common Stock,$313.45 ,1.68,0.54%,1.68E+11,United States,1983,2446972,Health Care,Biotechnology: Biological Products (No Diagnostic Substances)
AMH,American Homes 4 Rent Common Shares of Beneficial Interest,$35.30 ,0.23,0.66%,"12,780,574,082.00",United States,2013,3525131,Real Estate,Real Estate Investment Trusts
AMP,Ameriprise Financial Inc. Common Stock,$393.11 ,1.71,0.44%,"39,781,235,037.00",United States,,591561,Finance,Investment Managers
AMT,American Tower Corporation (REIT) Common Stock,$199.11 ,1.82,0.92%,"92,818,136,645.00",United States,,2466039,Real Estate,Real Estate Investment Trusts
AMZN,Amazon.com Inc. Common Stock,$161.26 ,2.14,1.35%,1.67E+12,United States,1997,45108830,Consumer Discretionary,Catalog/Specialty Distribution
ANET,Arista Networks Inc. Common Stock,$269.58 ,5.18,1.96%,"83,866,376,280.00",United States,2014,1918598,Technology,Computer peripheral equipment
ANSS,ANSYS Inc. Common Stock,$333.19 ,0.95,0.29%,"28,945,149,232.00",United States,1996,1175416,Technology,Computer Software: Prepackaged Software
AON,Aon plc Class A Ordinary Shares (Ireland),$298.39 ,-3.51,-1.16%,"59,742,555,185.00",United States,,953541,Finance,Specialty Insurers
AOS,A.O. Smith Corporation Common Stock,$81.65 ,0.73,0.90%,"12,143,022,946.00",United States,,961344,Consumer Discretionary,Consumer Electronics/Appliances
APD,Air Products and Chemicals Inc. Common Stock,$261.13 ,-0.77,-0.29%,"58,025,103,490.00",United States,,1192344,Industrials,Major Chemicals
APH,Amphenol Corporation Common Stock,$101.45 ,0.74,0.74%,"60,698,572,935.00",United States,,2312237,Technology,Electrical Products
APO,Apollo Global Management Inc. (New) Common Stock,$101.21 ,0.9,0.90%,"57,366,754,375.00",United States,,2121789,Finance,Investment Managers
APP,Applovin Corporation Class A Common Stock,$46.57 ,2.27,5.12%,"15,638,279,208.00",United States,2021,4790111,Technology,EDP Services
AQNB,Algonquin Power & Utilities Corp. 6.20% Fixed-to-Floating Subordinated Notes Series 2019-A due July 1 2079,$25.03 ,0.05,0.20%,"17,249,174,926.00",United States,2019,14959,Utilities,Electric Utilities: Central
AQNU,Algonquin Power & Utilities Corp. Corporate Units,$21.58 ,0.13,0.61%,"14,871,641,826.00",United States,2021,30624,Utilities,Electric Utilities: Central
ARCC,Ares Capital Corporation Common Stock,$20.52 ,-0.04,-0.20%,"11,684,839,853.00",United States,2004,3040034,Finance,Finance: Consumer Services
ARE,Alexandria Real Estate Equities Inc. Common Stock,$126.44 ,2.09,1.68%,"21,972,168,657.00",United States,,1646711,Real Estate,Real Estate Investment Trusts
ARES,Ares Management Corporation Class A Common Stock,$122.61 ,1.46,1.21%,"37,667,068,493.00",United States,2014,711156,Finance,Investment Managers
ASBA,Associated Banc-Corp 6.625% Fixed-Rate Reset Subordinated Notes due 2033,$23.92 ,0.18,0.76%,"18,253,968,658.00",United States,2023,14825,Finance,Major Banks
ATO,Atmos Energy Corporation Common Stock,$114.26 ,0.56,0.49%,"16,967,165,300.00",United States,,572882,Utilities,Oil/Gas Transmission
AVB,AvalonBay Communities Inc. Common Stock,$178.28 ,0.78,0.44%,"25,318,454,167.00",United States,,667434,Real Estate,Real Estate Investment Trusts
AVGO,Broadcom Inc. Common Stock,"$1,217.77 ",12.89,1.07%,5.70E+11,United States,2009,2150649,Technology,Semiconductors
AVTR,Avantor Inc. Common Stock,$23.06 ,0.4,1.77%,"15,597,466,118.00",United States,2019,6246738,Industrials,Biotechnology: Laboratory Analytical Instruments
AVY,Avery Dennison Corporation Common Stock,$199.91 ,-1.09,-0.54%,"16,099,007,785.00",United States,,601414,Consumer Discretionary,Containers/Packaging
AWK,American Water Works Company Inc. Common Stock,$125.75 ,2.59,2.10%,"24,484,153,373.00",United States,2008,1252050,Utilities,Water Supply
AXON,Axon Enterprise Inc. Common Stock,$254.73 ,3.37,1.34%,"19,087,894,771.00",United States,2001,281446,Industrials,Ordnance And Accessories
AXP,American Express Company Common Stock,$200.86 ,-0.57,-0.28%,1.46E+11,United States,,4934554,Finance,Finance: Consumer Services
AZO,AutoZone Inc. Common Stock,"$2,794.44 ",14.2,0.51%,"48,321,188,214.00",United States,,148181,Consumer Discretionary,Auto & Home Supply Stores
AZPN,Aspen Technology Inc. Common Stock,$203.23 ,1.79,0.89%,"13,537,010,071.00",United States,,185173,Technology,EDP Services
BA,Boeing Company (The) Common Stock,$205.19 ,-0.28,-0.14%,1.24E+11,United States,,7511892,Industrials,Aerospace
BAC,Bank of America Corporation Common Stock,$33.61 ,0.18,0.54%,2.66E+11,United States,,30233518,Finance,Major Banks
BAH,Booz Allen Hamilton Holding Corporation Common Stock,$144.40 ,-1.98,-1.35%,"18,827,045,569.00",United States,2010,1297462,Consumer Discretionary,Professional Services
BALL,Ball Corporation Common Stock,$57.00 ,-0.24,-0.42%,"17,972,169,198.00",United States,,1008058,Industrials,Containers/Packaging
BAX,Baxter International Inc. Common Stock,$39.08 ,0.29,0.75%,"19,826,202,732.00",United States,,3052817,Health Care,Medical/Dental Instruments
BBY,Best Buy Co. Inc. Common Stock,$73.34 ,-1.48,-1.98%,"15,797,140,440.00",United States,,3007236,Consumer Discretionary,Consumer Electronics/Video Chains
BDX,Becton Dickinson and Company Common Stock,$237.85 ,1.2,0.51%,"69,072,858,268.00",United States,,1084037,Health Care,Medical/Dental Instruments
BEN,Franklin Resources Inc. Common Stock,$27.51 ,-0.08,-0.29%,"13,606,016,431.00",United States,,9094261,Finance,Investment Managers
BG,Bunge Limited Common Shares,$89.01 ,0.71,0.80%,"12,932,082,922.00",United States,,1602016,Consumer Staples,Packaged Foods
BIIB,Biogen Inc. Common Stock,$247.52 ,2.7,1.10%,"35,865,180,682.00",United States,,681374,Health Care,Biotechnology: Biological Products (No Diagnostic Substances)
BK,The Bank of New York Mellon Corporation Common Stock,$55.90 ,0.57,1.03%,"42,991,196,240.00",United States,,5418457,Finance,Major Banks
BKDT,Brookdale Senior Living Inc. 7.00% Tangible Equity Units,$79.17 ,0,0.00%,"14,902,812,752.00",United States,2022,198,Health Care,Hospital/Nursing Management
BKNG,Booking Holdings Inc. Common Stock,"$3,553.88 ",34.28,0.97%,1.24E+11,United States,,219476,Consumer Discretionary,Transportation Services
BKR,Baker Hughes Company Class A Common Stock,$30.00 ,-0.48,-1.58%,"30,187,016,790.00",United States,,11489204,Industrials,Metal Fabrications
BLD,TopBuild Corp. Common Stock,$375.47 ,9.24,2.52%,"11,930,162,754.00",United States,2015,410466,Consumer Discretionary,Engineering & Construction
BLDR,Builders FirstSource Inc. Common Stock,$176.50 ,6.98,4.12%,"21,770,705,788.00",United States,2005,1362052,Consumer Discretionary,RETAIL: Building Materials
BLK,BlackRock Inc. Common Stock,$788.70 ,1.4,0.18%,1.17E+11,United States,1999,622177,Finance,Investment Bankers/Brokers/Service
BMRN,BioMarin Pharmaceutical Inc. Common Stock,$91.78 ,0.91,1.00%,"17,288,430,734.00",United States,1999,691154,Health Care,Biotechnology: Pharmaceutical Preparations
BMY,Bristol-Myers Squibb Company Common Stock,$49.87 ,0.17,0.34%,1.01E+11,United States,,11743609,Health Care,Biotechnology: Pharmaceutical Preparations
BR,Broadridge Financial Solutions Inc. Common Stock,$208.16 ,0.28,0.14%,"24,489,407,430.00",United States,,1036232,Consumer Discretionary,Business Services
BRK-A,Berkshire Hathaway Inc.,"$578,800.00 ",-3500,-0.60%,8.51E+11,United States,,13846,,
BRK-B,Berkshire Hathaway Inc.,$383.18 ,-2.22,-0.58%,8.45E+11,United States,,3796882,,
BRKR,Bruker Corporation Common Stock,$73.14 ,1.17,1.63%,"10,123,396,046.00",United States,,334756,Industrials,Biotechnology: Laboratory Analytical Instruments
BRO,Brown & Brown Inc. Common Stock,$77.08 ,0.2,0.26%,"21,936,800,813.00",United States,,1613972,Finance,Specialty Insurers
BSX,Boston Scientific Corporation Common Stock,$61.31 ,0.18,0.29%,"89,818,094,058.00",United States,,5560117,Health Care,Medical/Dental Instruments
BSY,Bentley Systems Incorporated Class B Common Stock,$51.71 ,1.44,2.87%,"15,302,135,411.00",United States,2020,848783,Technology,Retail: Computer Software & Peripheral Equipment
BURL,Burlington Stores Inc. Common Stock,$198.40 ,0.38,0.19%,"12,801,811,981.00",United States,2013,779254,Consumer Discretionary,Department/Specialty Retail Stores
BX,Blackstone Inc. Common Stock,$127.83 ,3.26,2.62%,"90,828,924,783.00",United States,2007,4298243,Finance,Investment Managers
BXP,Boston Properties Inc. Common Stock,$72.21 ,1.01,1.42%,"11,332,650,398.00",United States,1997,1701186,Real Estate,Real Estate Investment Trusts
C,Citigroup Inc. Common Stock,$54.11 ,0.44,0.82%,1.04E+11,United States,,12150987,Finance,Major Banks
CAG,ConAgra Brands Inc. Common Stock,$29.20 ,-0.42,-1.42%,"13,957,746,818.00",United States,,4426903,Consumer Staples,Packaged Foods
CAH,Cardinal Health Inc. Common Stock,$106.28 ,0.58,0.55%,"26,194,633,175.00",United States,,2082040,Health Care,Other Pharmaceuticals
CARR,Carrier Global Corporation Common Stock ,$56.31 ,0.8,1.44%,"47,246,712,863.00",United States,2020,3455301,Industrials,Industrial Machinery/Components
CASY,Casey's General Stores Inc. Common Stock,$273.25 ,-2.2,-0.80%,"10,139,939,159.00",United States,1983,406224,Consumer Discretionary,Retail-Auto Dealers and Gas Stations
CAT,Caterpillar Inc. Common Stock,$303.25 ,3.82,1.28%,1.54E+11,United States,,2101016,Industrials,Construction/Ag Equipment/Trucks
CBRE,CBRE Group Inc Common Stock Class A,$87.87 ,1.6,1.86%,"26,782,143,424.00",United States,,1478369,Finance,Real Estate
CCI,Crown Castle Inc. Common Stock,$108.95 ,0.35,0.32%,"47,250,401,624.00",United States,,2416423,Real Estate,Real Estate Investment Trusts
CCK,Crown Holdings Inc.,$90.73 ,-0.31,-0.34%,"10,946,246,874.00",United States,,1219912,Industrials,Containers/Packaging
CCL,Carnival Corporation Common Stock,$16.55 ,0.72,4.55%,"21,618,608,379.00",United States,1987,37096805,Consumer Discretionary,Marine Transportation
CDAY,Ceridian HCM Holding Inc. Common Stock,$69.62 ,1.42,2.08%,"10,869,562,506.00",United States,2018,840537,Technology,EDP Services
CDNS,Cadence Design Systems Inc. Common Stock,$294.37 ,3.64,1.25%,"80,086,890,940.00",United States,,965396,Technology,Computer Software: Prepackaged Software
CDW,CDW Corporation Common Stock,$229.11 ,-0.58,-0.25%,"30,691,660,142.00",United States,2013,532856,Consumer Discretionary,Catalog/Specialty Distribution
CE,Celanese Corporation Common Stock,$147.53 ,1.39,0.95%,"16,059,402,788.00",United States,2005,509991,Industrials,Major Chemicals
CEG,Constellation Energy Corporation Common Stock ,$121.01 ,-0.26,-0.21%,"38,648,377,581.00",United States,,1800953,Utilities,Electric Utilities: Central
CELH,Celsius Holdings Inc. Common Stock,$52.08 ,-0.34,-0.65%,"12,065,647,176.00",United States,,4861834,Consumer Staples,Beverages (Production/Distribution)
CF,CF Industries Holdings Inc. Common Stock,$77.49 ,0,0.00%,"14,804,968,262.00",United States,2005,1627218,Industrials,Agricultural Chemicals
CFG,Citizens Financial Group Inc. Common Stock,$34.26 ,0.67,2.00%,"15,972,798,849.00",United States,2014,6260289,Finance,Major Banks
CG,The Carlyle Group Inc. Common Stock,$41.14 ,0.54,1.33%,"14,843,132,959.00",United States,2012,1687023,Finance,Investment Managers
CHD,Church & Dwight Company Inc. Common Stock,$99.60 ,0.48,0.48%,"24,539,620,507.00",United States,,1814275,Consumer Discretionary,Package Goods/Cosmetics
CHK,Chesapeake Energy Corporation Common Stock,$77.48 ,-0.03,-0.04%,"10,155,476,148.00",United States,,1858239,Energy,Oil & Gas Production
CHRW,C.H. Robinson Worldwide Inc. Common Stock,$85.84 ,-1.55,-1.77%,"10,013,325,016.00",United States,1997,1553280,Consumer Discretionary,Oil Refining/Marketing
CHTR,Charter Communications Inc. Class A Common Stock New,$380.83 ,3.76,1.00%,"56,332,482,517.00",United States,,1154293,Telecommunications,Cable & Other Pay Television Services
CI,The Cigna Group Common Stock,$298.88 ,1.06,0.36%,"87,458,255,438.00",United States,,1219121,Health Care,Medical Specialities
CINF,Cincinnati Financial Corporation Common Stock,$111.93 ,-0.28,-0.25%,"17,562,681,100.00",United States,,704953,Finance,Property-Casualty Insurers
CL,Colgate-Palmolive Company Common Stock,$83.96 ,1.13,1.36%,"69,130,334,866.00",United States,,6425546,Consumer Discretionary,Package Goods/Cosmetics
CLX,Clorox Company (The) Common Stock,$144.71 ,0.03,0.02%,"17,952,592,072.00",United States,,1245421,Consumer Discretionary,Specialty Chemicals
CMCSA,Comcast Corporation Class A Common Stock,$46.11 ,-0.15,-0.32%,1.86E+11,United States,,19262933,Telecommunications,Cable & Other Pay Television Services
CME,CME Group Inc. Class A Common Stock,$204.78 ,-2,-0.97%,"73,719,361,625.00",United States,2002,2393077,Finance,Investment Bankers/Brokers/Service
CMG,Chipotle Mexican Grill Inc. Common Stock,"$2,404.53 ",78.28,3.37%,"65,991,508,310.00",United States,2006,326557,Consumer Discretionary,Restaurants
CMI,Cummins Inc. Common Stock,$240.86 ,0.23,0.10%,"34,140,667,702.00",United States,,511407,Industrials,Industrial Machinery/Components
CMS,CMS Energy Corporation Common Stock,$57.13 ,0.74,1.31%,"16,668,452,583.00",United States,,1546644,Utilities,Power Generation
CNA,CNA Financial Corporation Common Stock,$44.11 ,-0.32,-0.72%,"11,948,098,858.00",United States,,186267,Finance,Property-Casualty Insurers
CNC,Centene Corporation Common Stock,$74.06 ,0.29,0.39%,"39,562,926,060.00",United States,,2072348,Health Care,Medical Specialities
CNP,CenterPoint Energy Inc (Holding Co) Common Stock,$27.91 ,0.34,1.23%,"17,617,449,560.00",United States,,3611226,Utilities,Electric Utilities: Central
COF,Capital One Financial Corporation Common Stock,$138.48 ,-0.24,-0.17%,"52,739,660,848.00",United States,1994,2656350,Finance,Major Banks
COIN,Coinbase Global Inc. Class A Common Stock,$132.82 ,7.62,6.09%,"31,776,594,084.00",United States,,17769220,Finance,Finance: Consumer Services
COO,The Cooper Companies Inc. Common Stock,$378.12 ,5.48,1.47%,"18,726,764,314.00",United States,,235475,Health Care,Ophthalmic Goods
COP,ConocoPhillips Common Stock,$111.60 ,-0.63,-0.56%,1.33E+11,United States,,4705650,Energy,Integrated oil Companies
COR,Cencora Inc. Common Stock,$218.44 ,0.76,0.35%,"43,843,603,113.00",United States,,916353,Health Care,Other Pharmaceuticals
COST,Costco Wholesale Corporation Common Stock,$694.01 ,7.13,1.04%,3.08E+11,United States,,2214153,Consumer Discretionary,Department/Specialty Retail Stores
COTY,Coty Inc. Class A Common Stock,$12.36 ,0.2,1.65%,"11,021,054,079.00",United States,2013,2147929,Consumer Discretionary,Package Goods/Cosmetics
CPB,Campbell Soup Company Common Stock,$43.78 ,-0.72,-1.62%,"13,050,810,776.00",United States,,2918560,Consumer Staples,Packaged Foods
CPNG,Coupang Inc. Class A Common Stock,$14.53 ,0,0.00%,"25,976,552,360.00",United States,2021,10019814,Consumer Discretionary,Durable Goods
CPRT,Copart Inc. (DE) Common Stock,$48.66 ,0.6,1.25%,"46,724,861,968.00",United States,1994,3512911,Consumer Discretionary,Retail-Auto Dealers and Gas Stations
CPT,Camden Property Trust Common Stock,$96.29 ,0.54,0.56%,"10,280,999,426.00",United States,1993,1355591,Real Estate,Real Estate Investment Trusts
CQP,Cheniere Energy Partners LP Common Units,$54.35 ,0.86,1.61%,"26,307,526,335.00",United States,2007,129271,Utilities,Oil/Gas Transmission
CRBG,Corebridge Financial Inc. Common Stock,$24.44 ,-0.24,-0.97%,"15,422,218,690.00",United States,2022,2526249,Finance,Life Insurance
CRL,Charles River Laboratories International Inc. Common Stock,$224.56 ,4.28,1.94%,"11,519,210,306.00",United States,2000,571601,Health Care,Biotechnology: Commercial Physical & Biological Resarch
CRM,Salesforce Inc. Common Stock,$287.86 ,7.92,2.83%,2.79E+11,United States,2004,5760626,Technology,Computer Software: Prepackaged Software
CRWD,CrowdStrike Holdings Inc. Class A Common Stock,$300.67 ,10.36,3.57%,"72,204,339,421.00",United States,2019,3128804,Technology,EDP Services
CSCO,Cisco Systems Inc. Common Stock (DE),$52.29 ,0.15,0.29%,2.12E+11,United States,1990,13489014,Telecommunications,Computer Communications Equipment
CSGP,CoStar Group Inc. Common Stock,$86.29 ,1.2,1.41%,"35,237,675,025.00",United States,1998,1571785,Consumer Discretionary,Business Services
CSL,Carlisle Companies Incorporated Common Stock,$314.00 ,4.95,1.60%,"15,286,588,856.00",United States,,118804,Industrials,Specialty Chemicals
CSX,CSX Corporation Common Stock,$35.59 ,0.2,0.57%,"70,330,503,536.00",United States,,11222864,Industrials,Railroads
CTAS,Cintas Corporation Common Stock,$602.00 ,4.19,0.70%,"61,025,603,870.00",United States,1983,317565,Consumer Discretionary,Business Services
CTRA,Coterra Energy Inc. Common Stock,$25.06 ,-0.23,-0.91%,"18,849,923,751.00",United States,,5373550,Energy,Oil & Gas Production
CTSH,Cognizant Technology Solutions Corporation Class A Common Stock,$77.87 ,0.59,0.76%,"39,044,994,957.00",United States,1998,3223522,Technology,EDP Services
CTVA,Corteva Inc. Common Stock ,$45.93 ,0.07,0.15%,"32,368,202,970.00",United States,2019,2123158,Consumer Staples,Farming/Seeds/Milling
CUBE,CubeSmart Common Shares,$45.11 ,0.43,0.96%,"10,143,478,176.00",United States,,1139170,Real Estate,Real Estate Investment Trusts
CVS,CVS Health Corporation Common Stock,$73.48 ,0.48,0.66%,"94,561,160,845.00",United States,,10291395,Consumer Staples,Retail-Drug Stores and Proprietary Stores
CVX,Chevron Corporation Common Stock,$149.08 ,-0.06,-0.04%,2.81E+11,United States,,10493030,Energy,Integrated oil Companies
D,Dominion Energy Inc. Common Stock,$45.43 ,-0.13,-0.29%,"38,015,677,307.00",United States,,3338705,Utilities,Electric Utilities: Central
DAL,Delta Air Lines Inc. Common Stock,$40.09 ,0.46,1.16%,"25,796,449,029.00",United States,,7245109,Consumer Discretionary,Air Freight/Delivery Services
DASH,DoorDash Inc. Class A Common Stock,$110.45 ,2.21,2.04%,"43,982,152,020.00",United States,,3180574,Industrials,Industrial Machinery/Components
DBX,Dropbox Inc. Class A Common Stock,$32.45 ,0.35,1.09%,"11,219,859,431.00",United States,2018,2102282,Technology,Computer Software: Prepackaged Software
DD,DuPont de Nemours Inc. Common Stock,$63.51 ,-1.16,-1.79%,"27,311,998,667.00",United States,2017,4886702,Industrials,Major Chemicals
DDOG,Datadog Inc. Class A Common Stock,$128.87 ,4.92,3.97%,"42,340,712,226.00",United States,2019,3607872,Technology,Computer Software: Prepackaged Software
DE,Deere & Company Common Stock,$397.68 ,4.06,1.03%,1.11E+11,United States,,969405,Industrials,Industrial Machinery/Components
DECK,Deckers Outdoor Corporation Common Stock,$774.76 ,6.97,0.91%,"19,935,251,940.00",United States,1993,222578,Consumer Discretionary,Shoe Manufacturing
DELL,Dell Technologies Inc. Class C Common Stock ,$83.41 ,-0.81,-0.96%,"59,354,648,669.00",United States,2018,2707427,Technology,Computer Manufacturing
DFS,Discover Financial Services Common Stock,$106.07 ,-0.85,-0.80%,"26,523,647,287.00",United States,,1355234,Finance,Finance: Consumer Services
DG,Dollar General Corporation Common Stock,$133.69 ,0.24,0.18%,"29,344,587,887.00",United States,2009,2488599,Consumer Discretionary,Department/Specialty Retail Stores
DGX,Quest Diagnostics Incorporated Common Stock,$129.34 ,-1.1,-0.84%,"14,542,342,512.00",United States,,911174,Health Care,Medical Specialities
DHI,D.R. Horton Inc. Common Stock,$140.20 ,-0.3,-0.21%,"46,520,782,936.00",United States,,4556908,Consumer Discretionary,Homebuilding
DHR,Danaher Corporation Common Stock,$233.93 ,0.93,0.40%,1.73E+11,United States,,3126403,Industrials,Industrial Machinery/Components
DINO,HF Sinclair Corporation Common Stock,$55.66 ,0.4,0.72%,"10,000,218,132.00",United States,1960,1611076,Energy,Oil & Gas Production
DIS,Walt Disney Company (The) Common Stock,$97.49 ,2.13,2.23%,1.78E+11,United States,,13412212,Consumer Discretionary,Movies/Entertainment
DKNG,DraftKings Inc. Class A Common Stock,$39.91 ,1.43,3.72%,"34,292,902,330.00",United States,2019,17735563,Consumer Discretionary,Services-Misc. Amusement & Recreation
DKS,Dick's Sporting Goods Inc Common Stock,$151.99 ,-1.04,-0.68%,"12,424,309,621.00",United States,2002,842992,Consumer Discretionary,Other Specialty Stores
DLB,Dolby Laboratories Common Stock,$84.68 ,0.53,0.63%,"10,024,456,506.00",United States,2005,378794,Miscellaneous,Multi-Sector Companies
DLR,Digital Realty Trust Inc. Common Stock,$145.97 ,2.77,1.93%,"44,207,319,577.00",United States,2004,2229621,Real Estate,Real Estate Investment Trusts
DLTR,Dollar Tree Inc. Common Stock,$133.79 ,1.06,0.80%,"29,149,086,451.00",United States,1995,4050047,Consumer Discretionary,Department/Specialty Retail Stores
DOCU,DocuSign Inc. Common Stock,$63.35 ,0.72,1.15%,"12,919,212,185.00",United States,2018,2167881,Technology,Computer Software: Prepackaged Software
DOV,Dover Corporation Common Stock,$151.76 ,1.82,1.21%,"21,229,728,253.00",United States,,788361,Industrials,Industrial Machinery/Components
DOW,Dow Inc. Common Stock ,$54.07 ,0.01,0.02%,"37,924,536,114.00",United States,2019,3741184,Industrials,Major Chemicals
DPZ,Domino's Pizza Inc Common Stock,$433.44 ,14.32,3.42%,"15,118,813,272.00",United States,2004,619341,Consumer Discretionary,Food Distributors
DRI,Darden Restaurants Inc. Common Stock,$163.62 ,2.63,1.63%,"19,537,997,223.00",United States,,889735,Consumer Discretionary,Restaurants
DT,Dynatrace Inc. Common Stock,$59.83 ,1.57,2.70%,"17,613,621,858.00",United States,2019,2824250,Technology,Computer Software: Prepackaged Software
DTE,DTE Energy Company Common Stock,$103.84 ,0.25,0.24%,"21,417,906,212.00",United States,,1566411,Utilities,Electric Utilities: Central
DUK,Duke Energy Corporation (Holding Company) Common Stock,$95.77 ,-0.1,-0.10%,"73,811,062,191.00",United States,,3149005,Utilities,Power Generation
DUKB,Duke Energy Corporation 5.625% Junior Subordinated Debentures due 2078,$25.15 ,0.17,0.68%,"19,383,399,959.00",United States,2018,28627,Industrials,Railroads
DVN,Devon Energy Corporation Common Stock,$42.77 ,0.15,0.35%,"27,402,739,000.00",United States,1985,5360624,Energy,Oil & Gas Production
DXCM,DexCom Inc. Common Stock,$124.25 ,2.29,1.88%,"48,006,961,424.00",United States,2005,2675301,Health Care,Medical/Dental Instruments
EA,Electronic Arts Inc. Common Stock,$138.58 ,-0.84,-0.60%,"37,273,370,225.00",United States,,1474073,Technology,Computer Software: Prepackaged Software
EBAY,eBay Inc. Common Stock,$42.62 ,-0.07,-0.16%,"22,119,780,000.00",United States,1998,4687351,Consumer Discretionary,Business Services
ECL,Ecolab Inc. Common Stock,$199.25 ,0.76,0.38%,"56,814,109,135.00",United States,,1070667,Consumer Discretionary,Package Goods/Cosmetics
ED,Consolidated Edison Inc. Common Stock,$90.59 ,0.57,0.63%,"31,273,459,780.00",United States,,2173332,Utilities,Power Generation
EDR,Endeavor Group Holdings Inc. Class A Common Stock,$25.33 ,-0.1,-0.39%,"17,577,381,757.00",United States,2021,1690829,Consumer Discretionary,Services-Misc. Amusement & Recreation
EFX,Equifax Inc. Common Stock,$250.11 ,3.99,1.62%,"30,817,747,845.00",United States,,656603,Finance,Finance: Consumer Services
EIX,Edison International Common Stock,$67.70 ,0.2,0.30%,"25,967,601,870.00",United States,,2155774,Utilities,Electric Utilities: Central
EL,Estee Lauder Companies Inc. (The) Common Stock,$135.51 ,4.71,3.60%,"48,491,791,817.00",United States,1995,3200992,Consumer Discretionary,Package Goods/Cosmetics
ELS,Equity Lifestyle Properties Inc. Common Stock,$66.88 ,0.15,0.23%,"12,465,945,515.00",United States,,1665471,Real Estate,Real Estate Investment Trusts
ELV,Elevance Health Inc. Common Stock,$486.53 ,2.73,0.56%,1.14E+11,United States,,1255993,Health Care,Medical Specialities
EME,EMCOR Group Inc. Common Stock,$224.63 ,0.42,0.19%,"10,567,592,557.00",United States,,392016,Industrials,Engineering & Construction
EMR,Emerson Electric Company Common Stock,$95.01 ,-0.05,-0.05%,"54,165,201,000.00",United States,,2856400,Technology,Consumer Electronics/Appliances
ENPH,Enphase Energy Inc. Common Stock,$109.17 ,3.8,3.61%,"14,907,296,251.00",United States,2012,3228277,Technology,Semiconductors
ENTG,Entegris Inc. Common Stock,$122.99 ,2.6,2.16%,"18,468,041,020.00",United States,2000,1084499,Industrials,Plastic Products
EOG,EOG Resources Inc. Common Stock,$114.96 ,-0.58,-0.50%,"67,038,878,246.00",United States,,2648462,Energy,Oil & Gas Production
EPAM,EPAM Systems Inc. Common Stock,$290.28 ,1.92,0.67%,"16,749,294,173.00",United States,2012,364585,Technology,EDP Services
EPD,Enterprise Products Partners L.P. Common Stock,$27.47 ,0.06,0.22%,"59,661,516,212.00",United States,,6702595,Utilities,Natural Gas Distribution
EQH,Equitable Holdings Inc. Common Stock,$33.30 ,0.16,0.48%,"11,271,620,696.00",United States,2018,2569756,Finance,Specialty Insurers
EQIX,Equinix Inc. Common Stock REIT,$831.76 ,20.78,2.56%,"78,088,476,746.00",United States,2000,524611,Real Estate,Real Estate Investment Trusts
EQR,Equity Residential Common Shares of Beneficial Interest,$59.48 ,0.32,0.54%,"22,586,039,074.00",United States,,2093129,Real Estate,Real Estate Investment Trusts
EQT,EQT Corporation Common Stock,$35.82 ,-0.06,-0.17%,"14,733,912,240.00",United States,,3882195,Energy,Oil & Gas Production
ERIE,Erie Indemnity Company Class A Common Stock,$342.67 ,-2.56,-0.74%,"15,828,478,999.00",United States,,134798,Finance,Specialty Insurers
ES,Eversource Energy (D/B/A) Common Stock,$55.16 ,0.04,0.07%,"19,268,833,688.00",United States,,2756402,Utilities,Electric Utilities: Central
ESS,Essex Property Trust Inc. Common Stock,$236.90 ,0.49,0.21%,"15,205,332,688.00",United States,1994,280619,Real Estate,Real Estate Investment Trusts
ESTC,Elastic N.V. Ordinary Shares,$123.18 ,5.54,4.71%,"12,272,484,497.00",United States,2018,960394,Technology,Computer Software: Prepackaged Software
ET,Energy Transfer LP Common Units ,$14.53 ,0.07,0.48%,"45,697,807,251.00",United States,,12543661,Utilities,Natural Gas Distribution
ETR,Entergy Corporation Common Stock,$99.74 ,0.43,0.43%,"21,092,324,401.00",United States,,1130467,Utilities,Electric Utilities: Central
EVRG,Evergy Inc. Common Stock,$50.60 ,0.84,1.69%,"11,623,870,304.00",United States,,2357422,Utilities,Power Generation
EW,Edwards Lifesciences Corporation Common Stock,$74.57 ,1.33,1.82%,"45,226,705,000.00",United States,,2683396,Health Care,Industrial Specialties
EWBC,East West Bancorp Inc. Common Stock,$76.04 ,1.76,2.37%,"10,716,327,998.00",United States,,965748,Finance,Major Banks
EXAS,Exact Sciences Corporation Common Stock,$66.86 ,2.58,4.01%,"12,091,627,256.00",United States,2001,1462795,Health Care,Medical Specialities
EXC,Exelon Corporation Common Stock,$35.29 ,0.28,0.80%,"35,128,986,411.00",United States,,5454518,Utilities,Power Generation
EXPD,Expeditors International of Washington Inc. Common Stock,$128.19 ,-1.74,-1.34%,"18,637,463,468.00",United States,,866403,Consumer Discretionary,Oil Refining/Marketing
EXPE,Expedia Group Inc. Common Stock,$153.98 ,2.05,1.35%,"21,379,850,763.00",United States,,1810843,Consumer Discretionary,Transportation Services
EXR,Extra Space Storage Inc Common Stock,$148.05 ,0.58,0.39%,"31,279,681,547.00",United States,2004,706210,Real Estate,Real Estate Investment Trusts
F,Ford Motor Company Common Stock,$11.55 ,0.16,1.41%,"46,234,123,747.00",United States,,58214385,Consumer Discretionary,Auto Manufacturing
FANG,Diamondback Energy Inc. Common Stock,$154.86 ,-1.38,-0.88%,"27,717,603,317.00",United States,2012,2774848,Energy,Oil & Gas Production
FAST,Fastenal Company Common Stock,$68.60 ,0.2,0.29%,"39,198,943,119.00",United States,1987,4167895,Consumer Discretionary,RETAIL: Building Materials
FBIN,Fortune Brands Innovations Inc. Common Stock,$80.06 ,0.91,1.15%,"10,095,162,738.00",United States,,1308269,Consumer Discretionary,Building Products
FCNCA,First Citizens BancShares Inc. Class A Common Stock,"$1,484.83 ",-5.35,-0.36%,"21,559,884,537.00",United States,,103844,Finance,Major Banks
FCX,Freeport-McMoRan Inc. Common Stock,$40.23 ,0.64,1.62%,"57,688,904,526.00",United States,,8873359,Basic Materials,Metal Mining
FDS,FactSet Research Systems Inc. Common Stock,$472.70 ,2.03,0.43%,"18,003,435,608.00",United States,2000,167705,Technology,Computer Software: Programming Data Processing
FDX,FedEx Corporation Common Stock,$248.03 ,-3.52,-1.40%,"61,980,848,680.00",United States,,2611137,Consumer Discretionary,Air Freight/Delivery Services
FE,FirstEnergy Corp. Common Stock,$36.78 ,0.4,1.10%,"21,104,909,190.00",United States,,2789308,Utilities,Electric Utilities: Central
FFIV,F5 Inc. Common Stock,$185.37 ,1.74,0.95%,"11,067,925,703.00",United States,1999,1147462,Telecommunications,Computer Communications Equipment
FI,Fiserv Inc. Common Stock,$142.91 ,1.57,1.11%,"85,772,540,674.00",United States,,2080225,Consumer Discretionary,Business Services
FICO,Fair Isaac Corproation Common Stock,"$1,222.38 ",26.02,2.18%,"30,378,657,436.00",United States,,198385,Consumer Discretionary,Business Services
FIS,Fidelity National Information Services Inc. Common Stock,$63.50 ,-0.01,-0.02%,"37,622,708,664.00",United States,,5660757,Consumer Discretionary,Business Services
FITB,Fifth Third Bancorp Common Stock,$35.53 ,0.67,1.92%,"24,196,520,366.00",United States,,4684449,Finance,Major Banks
FITBI,Fifth Third Bancorp Depositary Shares,$25.67 ,-0.02,-0.08%,"17,481,696,533.00",United States,,26637,Finance,Major Banks
FITBO,Fifth Third Bancorp Depositary Shares each representing a 1/1000th ownership interest in a share of Non-Cumulative Perpetual Preferred Stock Series K,$23.31 ,0.011,0.05%,"15,874,497,319.00",United States,,12115,Finance,Major Banks
FITBP,Fifth Third Bancorp Depositary Shares each representing 1/40th share of Fifth Third 6.00% Non-Cumulative Perpetual Class B Preferred Stock Series A,$24.88 ,-0.0105,-0.04%,"16,943,693,406.00",United States,,4708,Finance,Major Banks
FIVE,Five Below Inc. Common Stock,$186.91 ,-3.25,-1.71%,"10,316,080,267.00",United States,2012,857272,Consumer Discretionary,Department/Specialty Retail Stores
FLT,FleetCor Technologies Inc. Common Stock,$297.27 ,3.26,1.11%,"21,464,120,833.00",United States,2010,393312,Technology,EDP Services
FND,Floor & Decor Holdings Inc. Common Stock,$104.49 ,-3.88,-3.58%,"11,135,488,015.00",United States,2017,2184364,Consumer Discretionary,RETAIL: Building Materials
FNF,FNF Group of Fidelity National Financial Inc. Common Stock,$50.59 ,0.61,1.22%,"13,768,485,109.00",United States,2014,912821,Finance,Specialty Insurers
FOX,Fox Corporation Class B Common Stock,$29.92 ,0.18,0.61%,"14,445,602,375.00",United States,,738062,Industrials,Broadcasting
FOXA,Fox Corporation Class A Common Stock,$32.35 ,0.13,0.40%,"15,618,824,760.00",United States,,2240896,Industrials,Broadcasting
FSLR,First Solar Inc. Common Stock,$149.30 ,1.47,0.99%,"15,951,840,852.00",United States,2006,1652001,Technology,Semiconductors
FTNT,Fortinet Inc. Common Stock,$66.45 ,0.33,0.50%,"51,027,593,119.00",United States,2009,4442734,Technology,Computer peripheral equipment
FTS,Fortis Inc. Common Shares,$40.16 ,0.43,1.08%,"19,618,160,000.00",United States,2016,558006,Utilities,Electric Utilities: Central
FTV,Fortive Corporation Common Stock ,$74.69 ,0.72,0.97%,"26,248,573,269.00",United States,2016,1169362,Industrials,Industrial Machinery/Components
FWONA,Liberty Media Corporation Series A Liberty Formula One Common Stock,$61.52 ,0.07,0.11%,"14,430,553,412.00",United States,,90814,Consumer Discretionary,Movies/Entertainment
FWONK,Liberty Media Corporation Series C Liberty Formula One Common Stock,$68.00 ,-0.26,-0.38%,"15,950,546,684.00",United States,,712472,Consumer Discretionary,Movies/Entertainment
GD,General Dynamics Corporation Common Stock,$264.78 ,-0.29,-0.11%,"72,257,630,591.00",United States,,961437,Industrials,Marine Transportation
GDDY,GoDaddy Inc. Class A Common Stock,$108.05 ,0.3,0.28%,"15,249,151,714.00",United States,2015,1206694,Technology,EDP Services
GE,General Electric Company Common Stock,$131.10 ,-0.09,-0.07%,1.43E+11,United States,,4888995,Technology,Consumer Electronics/Appliances
GEHC,GE HealthCare Technologies Inc. Common Stock ,$74.38 ,1.23,1.68%,"33,860,972,406.00",United States,,2160108,Technology,Computer Software: Prepackaged Software
GEN,Gen Digital Inc. Common Stock,$24.18 ,0.41,1.73%,"15,492,495,229.00",United States,,4264429,Technology,Computer Software: Prepackaged Software
GFS,GlobalFoundries Inc. Ordinary Shares,$57.35 ,0.85,1.50%,"31,414,036,000.00",United States,2021,1380525,Technology,Semiconductors
GGG,Graco Inc. Common Stock,$85.14 ,0.39,0.46%,"14,370,616,961.00",United States,,917629,Industrials,Fluid Controls
GILD,Gilead Sciences Inc. Common Stock,$79.07 ,-0.45,-0.57%,"98,524,532,638.00",United States,1992,6585066,Health Care,Biotechnology: Biological Products (No Diagnostic Substances)
GIS,General Mills Inc. Common Stock,$64.26 ,-0.25,-0.39%,"36,492,617,826.00",United States,,3226460,Consumer Staples,Packaged Foods
GL,Globe Life Inc. Common Stock,$122.99 ,-0.77,-0.62%,"11,575,663,833.00",United States,,360253,Finance,Life Insurance
GLOB,Globant S.A. Common Shares,$242.90 ,4.89,2.06%,"10,267,300,171.00",United States,2014,526416,Technology,EDP Services
GLPI,Gaming and Leisure Properties Inc. Common Stock,$46.04 ,0.04,0.09%,"12,293,404,209.00",United States,,845255,Real Estate,Real Estate Investment Trusts
GLW,Corning Incorporated Common Stock,$31.15 ,0.29,0.94%,"26,576,397,481.00",United States,,7016698,Industrials,Telecommunications Equipment
GM,General Motors Company Common Stock,$35.39 ,0.21,0.60%,"48,465,939,880.00",United States,2010,24030403,Consumer Discretionary,Auto Manufacturing
GOOG,Alphabet Inc. Class C Capital Stock,$154.84 ,1.05,0.68%,1.94E+12,United States,2004,20870458,Technology,Computer Software: Programming Data Processing
GOOGL,Alphabet Inc. Class A Common Stock,$153.51 ,1.325,0.87%,1.92E+12,United States,2004,27740143,Technology,Computer Software: Programming Data Processing
GPC,Genuine Parts Company Common Stock,$142.74 ,0.11,0.08%,"20,011,667,109.00",United States,,710564,Consumer Discretionary,Automotive Aftermarket
GPN,Global Payments Inc. Common Stock,$135.38 ,1.48,1.11%,"35,251,401,357.00",United States,,2042973,Consumer Discretionary,Business Services
GS,Goldman Sachs Group Inc. (The) Common Stock,$380.56 ,2.77,0.73%,1.24E+11,United States,1999,1632282,Finance,Investment Bankers/Brokers/Service
GTLB,GitLab Inc. Class A Common Stock,$73.58 ,4.17,6.01%,"11,456,406,000.00",United States,2021,2941386,Technology,EDP Services
GWW,W.W. Grainger Inc. Common Stock,$896.16 ,12.92,1.46%,"44,480,139,864.00",United States,,334086,Industrials,Office Equipment/Supplies/Services
H,Hyatt Hotels Corporation Class A Common Stock,$131.17 ,0.73,0.56%,"13,528,734,629.00",United States,2009,883570,Consumer Discretionary,Hotels/Resorts
HAL,Halliburton Company Common Stock,$37.19 ,-0.34,-0.91%,"33,286,974,285.00",United States,,5856272,Energy,Oilfield Services/Equipment
HBAN,Huntington Bancshares Incorporated Common Stock,$13.13 ,0.08,0.61%,"19,013,225,971.00",United States,,10520145,Finance,Major Banks
HBANM,Huntington Bancshares Incorporated Depositary Shares each representing a 1/1000th interest in a share of Huntington Series I Preferred Stock,$22.82 ,0.13,0.57%,"33,045,073,622.00",United States,,8427,Finance,Major Banks
HBANP,Huntington Bancshares Incorporated Depositary Shares 4.500% Series H Non-Cumulative Perpetual Preferred Stock,$19.61 ,-0.02,-0.10%,"28,396,752,574.00",United States,,152773,Finance,Major Banks
HCA,HCA Healthcare Inc. Common Stock,$286.73 ,3.3,1.16%,"76,746,381,184.00",United States,2011,1742367,Health Care,Hospital/Nursing Management
HD,Home Depot Inc. (The) Common Stock,$355.70 ,0.4,0.11%,3.54E+11,United States,,2731427,Consumer Discretionary,RETAIL: Building Materials
HEI,Heico Corporation Common Stock,$183.76 ,0.18,0.10%,"25,405,716,933.00",United States,2000,257176,Industrials,Aerospace
HES,Hess Corporation Common Stock,$142.95 ,-1.31,-0.91%,"43,907,332,656.00",United States,,3497873,Energy,Oil & Gas Production
HIG,Hartford Financial Services Group Inc. (The) Common Stock,$86.82 ,0.01,0.01%,"26,112,836,467.00",United States,,1223278,Finance,Property-Casualty Insurers
HII,Huntington Ingalls Industries Inc. Common Stock,$258.59 ,2.94,1.15%,"10,272,088,487.00",United States,,374131,Industrials,Marine Transportation
HLT,Hilton Worldwide Holdings Inc. Common Stock ,$193.17 ,0.54,0.28%,"49,536,573,717.00",United States,2016,1418094,Consumer Discretionary,Hotels/Resorts
HOLX,Hologic Inc. Common Stock,$74.98 ,0.57,0.77%,"17,599,350,588.00",United States,1990,1571056,Health Care,Medical Electronics
HON,Honeywell International Inc. Common Stock,$203.05 ,1.25,0.62%,1.34E+11,United States,,2196793,Industrials,Aerospace
HPE,Hewlett Packard Enterprise Company Common Stock,$15.80 ,-0.04,-0.25%,"20,540,000,000.00",United States,2015,7288418,Telecommunications,Telecommunications Equipment
HPQ,HP Inc. Common Stock,$29.24 ,-0.76,-2.53%,"28,973,987,609.00",United States,,8001692,Technology,Computer Manufacturing
HRL,Hormel Foods Corporation Common Stock,$30.57 ,-0.42,-1.36%,"16,716,900,512.00",United States,,2947435,Consumer Staples,Meat/Poultry/Fish
HST,Host Hotels & Resorts Inc. Common Stock,$19.82 ,0.12,0.61%,"13,981,761,578.00",United States,,4218384,Real Estate,Real Estate Investment Trusts
HSY,The Hershey Company Common Stock,$192.79 ,2.58,1.36%,"39,425,204,893.00",United States,,1678498,Consumer Staples,Specialty Foods
HUBB,Hubbell Inc Common Stock,$332.56 ,3.58,1.09%,"17,832,548,948.00",United States,2015,857638,Technology,Electrical Products
HUBS,HubSpot Inc. Common Stock,$609.94 ,21.2,3.60%,"30,698,611,397.00",United States,2014,429756,Technology,Computer Software: Prepackaged Software
HUM,Humana Inc. Common Stock,$365.94 ,4.71,1.30%,"45,051,136,877.00",United States,,2853753,Health Care,Medical Specialities
HWM,Howmet Aerospace Inc. Common Stock,$55.78 ,0.35,0.63%,"22,967,100,066.00",United States,,3034577,Industrials,Metal Fabrications
IBM,International Business Machines Corporation Common Stock,$187.14 ,-0.28,-0.15%,1.71E+11,United States,,6105141,Technology,Computer Manufacturing
ICE,Intercontinental Exchange Inc. Common Stock,$128.18 ,0.92,0.72%,"73,365,605,471.00",United States,2005,1934269,Finance,Investment Bankers/Brokers/Service
IDXX,IDEXX Laboratories Inc. Common Stock,$532.06 ,7.08,1.35%,"44,188,488,566.00",United States,1991,316561,Health Care,Biotechnology: In Vitro & In Vivo Diagnostic Substances
IEX,IDEX Corporation Common Stock,$212.15 ,3,1.43%,"16,043,958,099.00",United States,1989,417416,Industrials,Fluid Controls
IFF,International Flavors & Fragrances Inc. Common Stock,$82.01 ,-0.25,-0.30%,"20,935,441,779.00",United States,,1176741,Industrials,Major Chemicals
ILMN,Illumina Inc. Common Stock,$146.72 ,6.09,4.33%,"23,299,136,000.00",United States,2000,1418019,Health Care,Medical Specialities
INCY,Incyte Corp. Common Stock,$60.47 ,-0.17,-0.28%,"13,551,885,622.00",United States,,1253052,Health Care,Biotechnology: Commercial Physical & Biological Resarch
INTC,Intel Corporation Common Stock,$43.84 ,0.19,0.44%,1.85E+11,United States,,51731276,Technology,Semiconductors
INTU,Intuit Inc. Common Stock,$652.88 ,11.52,1.80%,1.83E+11,United States,1993,869173,Technology,Computer Software: Prepackaged Software
INVH,Invitation Homes Inc. Common Stock,$33.32 ,0.07,0.21%,"20,390,448,523.00",United States,2017,2970559,Real Estate,Real Estate Investment Trusts
IOT,Samsara Inc. Class A Common Stock,$32.29 ,1.44,4.67%,"17,442,922,931.00",United States,2021,3218292,Technology,Retail: Computer Software & Peripheral Equipment
IP,International Paper Company Common Stock,$36.72 ,-0.85,-2.26%,"12,705,755,733.00",United States,,3267341,Basic Materials,Paper
IPG,Interpublic Group of Companies Inc. (The) Common Stock,$33.40 ,0.42,1.27%,"12,792,337,975.00",United States,,3045265,Consumer Discretionary,Advertising
IQV,IQVIA Holdings Inc. Common Stock,$218.02 ,1.93,0.89%,"39,788,650,000.00",United States,2013,611826,Health Care,Biotechnology: Commercial Physical & Biological Resarch
IR,Ingersoll Rand Inc. Common Stock,$80.48 ,1.18,1.49%,"32,578,060,628.00",United States,2017,2658203,Industrials,Industrial Machinery/Components
IRM,Iron Mountain Incorporated (Delaware)Common Stock REIT,$67.72 ,0.16,0.24%,"19,773,533,545.00",United States,,795065,Real Estate,Real Estate Investment Trusts
ISRG,Intuitive Surgical Inc. Common Stock,$379.16 ,4.4,1.17%,1.33E+11,United States,2000,1602614,Health Care,Medical/Dental Instruments
IT,Gartner Inc. Common Stock,$463.69 ,2.86,0.62%,"36,143,991,898.00",United States,1993,202623,Consumer Discretionary,Other Consumer Services
ITT,ITT Inc. Common Stock ,$122.39 ,2.44,2.03%,"10,048,219,000.00",United States,2011,268331,Industrials,Fluid Controls
ITW,Illinois Tool Works Inc. Common Stock,$264.18 ,1.77,0.68%,"79,488,031,778.00",United States,,1174035,Industrials,Industrial Machinery/Components
J,Jacobs Solutions Inc. Common Stock,$137.91 ,0.72,0.53%,"17,380,029,555.00",United States,2022,510175,Industrials,Military/Government/Technical
JBHT,J.B. Hunt Transport Services Inc. Common Stock,$205.88 ,-0.54,-0.26%,"21,235,040,693.00",United States,,891382,Industrials,Trucking Freight/Courier Services
JBL,Jabil Inc. Common Stock,$124.32 ,1.1,0.89%,"15,856,470,360.00",United States,1993,859038,Technology,Electrical Products
JKHY,Jack Henry & Associates Inc. Common Stock,$169.54 ,-0.03,-0.02%,"12,347,293,367.00",United States,1985,379070,Technology,Retail: Computer Software & Peripheral Equipment
JNJ,Johnson & Johnson Common Stock,$159.36 ,-0.14,-0.09%,3.84E+11,United States,,6482105,Health Care,Biotechnology: Pharmaceutical Preparations
JNPR,Juniper Networks Inc. Common Stock,$37.23 ,0.03,0.08%,"11,871,473,473.00",United States,1999,3569250,Technology,Computer peripheral equipment
JPM,JP Morgan Chase & Co. Common Stock,$172.73 ,0.45,0.26%,4.99E+11,United States,,6967141,Finance,Major Banks
K,Kellanova Common Stock,$54.79 ,0.05,0.09%,"18,766,656,719.00",United States,,2193437,Consumer Staples,Packaged Foods
KDP,Keurig Dr Pepper Inc. Common Stock,$32.01 ,0.03,0.09%,"44,760,738,657.00",United States,,10680049,Consumer Staples,Beverages (Production/Distribution)
KEY,KeyCorp Common Stock,$14.87 ,0.2,1.36%,"13,922,190,081.00",United States,,10138171,Finance,Major Banks
KEYS,Keysight Technologies Inc. Common Stock,$159.33 ,3.4,2.18%,"27,889,856,755.00",United States,2014,1133919,Industrials,Industrial Machinery/Components
KHC,The Kraft Heinz Company Common Stock,$37.31 ,0.1,0.27%,"45,762,158,673.00",United States,,7089070,Consumer Staples,Packaged Foods
KIM,Kimco Realty Corporation (HC) Common Stock,$20.53 ,-0.01,-0.05%,"12,726,016,710.00",United States,,5930542,Real Estate,Real Estate Investment Trusts
KKR,KKR & Co. Inc. Common Stock,$87.16 ,0.41,0.47%,"77,137,356,200.00",United States,,2614291,Finance,Investment Managers
KLAC,KLA Corporation Common Stock,$600.08 ,0.71,0.12%,"81,570,264,185.00",United States,1980,1059938,Technology,Electronic Components
KMB,Kimberly-Clark Corporation Common Stock,$121.27 ,0.1,0.08%,"40,982,107,617.00",United States,,1823050,Consumer Discretionary,Containers/Packaging
KMI,Kinder Morgan Inc. Common Stock,$17.37 ,-0.07,-0.40%,"38,609,583,216.00",United States,2011,13637762,Utilities,Natural Gas Distribution
KMX,CarMax Inc,$72.95 ,2.84,4.05%,"11,520,352,197.00",United States,,2238083,Consumer Discretionary,Retail-Auto Dealers and Gas Stations
KO,Coca-Cola Company (The) Common Stock,$59.73 ,0.36,0.61%,2.58E+11,United States,,14543974,Consumer Staples,Beverages (Production/Distribution)
KR,Kroger Company (The) Common Stock,$46.53 ,0.23,0.50%,"33,474,772,989.00",United States,,3666267,Consumer Staples,Food Chains
KRTX,Karuna Therapeutics Inc. Common Stock,$313.94 ,-0.06,-0.02%,"11,844,051,111.00",United States,2019,907387,Health Care,Biotechnology: Pharmaceutical Preparations
KVUE,Kenvue Inc. Common Stock,$21.04 ,0.2,0.96%,"40,291,496,588.00",United States,2023,10817123,Consumer Discretionary,Specialty Chemicals
L,Loews Corporation Common Stock,$73.27 ,0.49,0.67%,"16,357,574,539.00",United States,,675556,Finance,Property-Casualty Insurers
LAMR,Lamar Advertising Company Class A Common Stock,$107.66 ,1.29,1.21%,"10,981,132,779.00",United States,1996,236500,Real Estate,Real Estate Investment Trusts
LBRDA,Liberty Broadband Corporation Class A Common Stock,$80.24 ,0.62,0.78%,"11,720,345,549.00",United States,,125609,Telecommunications,Cable & Other Pay Television Services
LBRDK,Liberty Broadband Corporation Class C Common Stock,$80.90 ,0.45,0.56%,"11,816,749,189.00",United States,,639739,Telecommunications,Cable & Other Pay Television Services
LDOS,Leidos Holdings Inc. Common Stock,$111.51 ,-0.04,-0.04%,"15,333,341,786.00",United States,,544035,Technology,EDP Services
LECO,Lincoln Electric Holdings Inc. Common Shares,$225.74 ,1.69,0.75%,"12,912,268,405.00",United States,,199227,Industrials,Industrial Machinery/Components
LEN,Lennar Corporation Class A Common Stock,$149.57 ,1.19,0.80%,"42,530,962,243.00",United States,,1596797,Consumer Discretionary,Homebuilding
LH,Laboratory Corporation of America Holdings Common Stock,$227.14 ,2.22,0.99%,"19,284,186,000.00",United States,,910970,Health Care,Medical Specialities
LHX,L3Harris Technologies Inc. Common Stock,$210.25 ,1.04,0.50%,"39,850,837,352.00",United States,,1480023,Industrials,Industrial Machinery/Components
LII,Lennox International Inc. Common Stock,$437.07 ,-7.18,-1.62%,"15,533,347,606.00",United States,1999,590336,Industrials,Industrial Machinery/Components
LIN,Linde plc Ordinary Shares,$405.61 ,1.57,0.39%,1.97E+11,United States,,1400447,Industrials,Major Chemicals
LKQ,LKQ Corporation Common Stock,$47.69 ,0.04,0.08%,"12,761,763,833.00",United States,2003,2067871,Consumer Discretionary,Motor Vehicles
LLY,Eli Lilly and Company Common Stock,$645.00 ,5.75,0.90%,6.12E+11,United States,,2715947,Health Care,Biotechnology: Pharmaceutical Preparations
LMT,Lockheed Martin Corporation Common Stock,$428.01 ,-1.9,-0.44%,1.03E+11,United States,,1902089,Industrials,Military/Government/Technical
LNG,Cheniere Energy Inc. Common Stock,$166.61 ,-1.11,-0.66%,"39,695,643,224.00",United States,2001,1416444,Utilities,Oil/Gas Transmission
LNT,Alliant Energy Corporation Common Stock,$49.19 ,0.34,0.70%,"12,552,259,290.00",United States,,1868710,Utilities,Power Generation
LOGI,Logitech International S.A. Ordinary Shares,$83.94 ,-1.63,-1.91%,"13,324,443,377.00",United States,1997,637339,Technology,Computer peripheral equipment
LOW,Lowe's Companies Inc. Common Stock,$211.84 ,-0.14,-0.07%,1.22E+11,United States,,2194743,Consumer Discretionary,RETAIL: Building Materials
LPLA,LPL Financial Holdings Inc. Common Stock,$240.28 ,-2.73,-1.12%,"18,170,106,475.00",United States,2010,769536,Finance,Investment Bankers/Brokers/Service
LRCX,Lam Research Corporation Common Stock,$845.80 ,6.76,0.81%,1.11E+11,United States,1984,989829,Technology,Industrial Machinery/Components
LSXMB,Liberty Media Corporation Series B Liberty SiriusXM Common Stock,$31.01 ,0,0.00%,"10,127,181,206.00",United States,,65,Industrials,Broadcasting
LUV,Southwest Airlines Company Common Stock,$30.21 ,0.12,0.40%,"18,008,645,630.00",United States,,8248214,Consumer Discretionary,Air Freight/Delivery Services
LVS,Las Vegas Sands Corp. Common Stock,$50.40 ,0.37,0.74%,"38,530,340,050.00",United States,2004,4098270,Consumer Discretionary,Hotels/Resorts
LW,Lamb Weston Holdings Inc. Common Stock ,$104.93 ,0.74,0.71%,"15,149,006,215.00",United States,2016,1218839,Consumer Staples,Packaged Foods
LYV,Live Nation Entertainment Inc. Common Stock,$89.11 ,-0.18,-0.20%,"20,524,292,830.00",United States,,2233237,Consumer Discretionary,Services-Misc. Amusement & Recreation
MA,Mastercard Incorporated Common Stock,$440.58 ,2.05,0.47%,4.13E+11,United States,2006,2314078,Consumer Discretionary,Business Services
MAA,Mid-America Apartment Communities Inc. Common Stock,$130.90 ,0.06,0.05%,"15,274,393,881.00",United States,1994,810259,Real Estate,Real Estate Investment Trusts
MANH,Manhattan Associates Inc. Common Stock,$225.92 ,6.16,2.80%,"13,908,800,269.00",United States,1998,584973,Technology,Computer Software: Prepackaged Software
MAR,Marriott International Class A Common Stock,$242.13 ,0.53,0.22%,"71,111,486,091.00",United States,,1302460,Consumer Discretionary,Hotels/Resorts
MAS,Masco Corporation Common Stock,$68.39 ,1.14,1.70%,"15,353,617,303.00",United States,,1430759,Consumer Discretionary,Building Products
MCD,McDonald's Corporation Common Stock,$292.31 ,0.05,0.02%,2.12E+11,United States,,3899415,Consumer Discretionary,Restaurants
MCHP,Microchip Technology Incorporated Common Stock,$87.23 ,0.31,0.36%,"47,195,381,345.00",United States,1993,6609911,Technology,Semiconductors
MCK,McKesson Corporation Common Stock,$486.46 ,1.19,0.25%,"64,729,576,453.00",United States,,496817,Health Care,Other Pharmaceuticals
MCO,Moody's Corporation Common Stock,$391.27 ,1.98,0.51%,"71,602,410,000.00",United States,,649122,Finance,Finance: Consumer Services
MDB,MongoDB Inc. Class A Common Stock,$420.17 ,24.88,6.29%,"30,326,877,318.00",United States,2017,1070139,Technology,Computer Software: Prepackaged Software
MDLZ,Mondelez International Inc. Class A Common Stock,$75.72 ,0.58,0.77%,1.03E+11,United States,,9821930,Consumer Staples,Packaged Foods
MDT,Medtronic plc. Ordinary Shares,$87.44 ,0.9,1.04%,1.16E+11,United States,,7144673,Health Care,Biotechnology: Electromedical & Electrotherapeutic Apparatus
MET,MetLife Inc. Common Stock,$70.36 ,-0.52,-0.73%,"52,079,784,512.00",United States,2000,3762083,Finance,Life Insurance
META,Meta Platforms Inc. Class A Common Stock,$401.02 ,6.88,1.75%,1.03E+12,United States,2012,18685199,Technology,Computer Software: Programming Data Processing
MGM,MGM Resorts International Common Stock,$43.85 ,0.2,0.46%,"14,978,431,257.00",United States,,2910556,Consumer Discretionary,Hotels/Resorts
MKC,McCormick & Company Incorporated Common Stock,$68.58 ,-0.5,-0.72%,"18,395,704,981.00",United States,,2598440,Consumer Staples,Packaged Foods
MKL,Markel Group Inc. Common Stock,"$1,492.69 ",16.95,1.15%,"19,731,173,516.00",United States,1986,66883,Finance,Property-Casualty Insurers
MKTX,MarketAxess Holdings Inc. Common Stock,$278.36 ,1.86,0.67%,"10,551,360,505.00",United States,2004,296488,Finance,Investment Bankers/Brokers/Service
MLM,Martin Marietta Materials Inc. Common Stock,$513.14 ,11.54,2.30%,"31,715,726,596.00",United States,1994,287483,Industrials,Mining & Quarrying of Nonmetallic Minerals (No Fuels)
MMC,Marsh & McLennan Companies Inc. Common Stock,$190.99 ,-2,-1.04%,"94,171,905,125.00",United States,,2257567,Finance,Specialty Insurers
MMM,3M Company Common Stock,$96.38 ,0.39,0.41%,"53,232,316,122.00",United States,,3797219,Health Care,Medical/Dental Instruments
MNST,Monster Beverage Corporation,$55.59 ,0.15,0.27%,"57,838,134,535.00",United States,,5734802,Consumer Staples,Beverages (Production/Distribution)
MO,Altria Group Inc.,$40.53 ,0.33,0.82%,"71,683,249,697.00",United States,,8044471,Health Care, Medicinal Chemicals and Botanical Products 
MOH,Molina Healthcare Inc Common Stock,$354.68 ,1.07,0.30%,"20,677,844,000.00",United States,2003,277740,Health Care,Medical Specialities
MORN,Morningstar Inc. Common Stock,$278.58 ,3.04,1.10%,"11,895,309,727.00",United States,2005,110389,Finance,Investment Managers
MOS,Mosaic Company (The) Common Stock,$32.12 ,-0.11,-0.34%,"10,497,954,815.00",United States,,3621572,Industrials,Agricultural Chemicals
MPC,Marathon Petroleum Corporation Common Stock,$160.14 ,-0.38,-0.24%,"60,804,721,939.00",United States,,3122409,Energy,Integrated oil Companies
MPLX,MPLX LP Common Units Representing Limited Partner Interests,$38.05 ,0.15,0.40%,"38,096,308,524.00",United States,2012,2302913,Energy,Natural Gas Distribution
MPWR,Monolithic Power Systems Inc. Common Stock,$619.78 ,18.64,3.10%,"29,694,899,360.00",United States,2004,462485,Technology,Semiconductors
MRK,Merck & Company Inc. Common Stock (new),$121.28 ,0.46,0.38%,3.07E+11,United States,,9138247,Health Care,Biotechnology: Pharmaceutical Preparations
MRNA,Moderna Inc. Common Stock,$104.84 ,3.03,2.98%,"39,973,814,141.00",United States,2018,3456472,Health Care,Biotechnology: Biological Products (No Diagnostic Substances)
MRO,Marathon Oil Corporation Common Stock,$23.19 ,-0.02,-0.09%,"13,571,886,232.00",United States,,7703984,Energy,Oil & Gas Production
MRVL,Marvell Technology Inc. Common Stock,$70.14 ,2.1,3.09%,"60,636,030,000.00",United States,2000,8727918,Technology,Semiconductors
MS,Morgan Stanley Common Stock,$87.62 ,-0.11,-0.13%,1.44E+11,United States,,7437362,Finance,Investment Bankers/Brokers/Service
MSCI,MSCI Inc. Common Stock,$550.95 ,1.66,0.30%,"43,575,291,131.00",United States,,682133,Consumer Discretionary,Business Services
MSFT,Microsoft Corporation Common Stock,$409.72 ,5.79,1.43%,3.05E+12,United States,1986,24372230,Technology,Computer Software: Prepackaged Software
MSI,Motorola Solutions Inc. Common Stock,$326.75 ,0.65,0.20%,"54,230,202,801.00",United States,,622752,Technology,Radio And Television Broadcasting And Communications Equipment
MTB,M&T Bank Corporation Common Stock,$142.76 ,1.24,0.88%,"23,692,497,139.00",United States,,741262,Finance,Major Banks
MTCH,Match Group Inc. Common Stock,$38.38 ,0.42,1.11%,"10,432,127,865.00",United States,,5049690,Technology,Computer Software: Programming Data Processing
MU,Micron Technology Inc. Common Stock,$89.07 ,1.02,1.16%,"98,325,163,942.00",United States,,12099472,Technology,Semiconductors
NBIX,Neurocrine Biosciences Inc. Common Stock,$142.22 ,0.07,0.05%,"13,973,388,489.00",United States,1996,597817,Health Care,Biotechnology: Biological Products (No Diagnostic Substances)
NDAQ,Nasdaq Inc. Common Stock,$58.25 ,-0.37,-0.63%,"33,608,186,203.00",United States,,2378110,Finance,Investment Bankers/Brokers/Service
NDSN,Nordson Corporation Common Stock,$255.01 ,2.81,1.11%,"14,565,024,165.00",United States,,126531,Industrials,Industrial Machinery/Components
NEE,NextEra Energy Inc. Common Stock,$59.57 ,1.09,1.86%,1.22E+11,United States,,10101406,Technology,EDP Services
NEM,Newmont Corporation,$34.65 ,0.44,1.29%,"39,933,841,563.00",United States,,13088132,Basic Materials,Precious Metals
NET,Cloudflare Inc. Class A Common Stock,$84.30 ,4.12,5.14%,"28,305,565,016.00",United States,2019,2801385,Technology,Computer Software: Prepackaged Software
NFLX,Netflix Inc. Common Stock,$575.79 ,5.37,0.94%,2.52E+11,United States,2002,6895421,Consumer Discretionary,Consumer Electronics/Video Chains
NI,NiSource Inc Common Stock,$26.09 ,0.27,1.05%,"10,786,008,856.00",United States,,5595766,Utilities,Power Generation
NIO,NIO Inc. American depositary shares each  representing one Class A ordinary share,$6.14 ,0,0.00%,"10,555,308,875.00",United States,2018,39946895,Consumer Discretionary,Auto Manufacturing
NKE,Nike Inc. Common Stock,$103.88 ,1.13,1.10%,1.57E+11,United States,,8859579,Consumer Discretionary,Shoe Manufacturing
NOC,Northrop Grumman Corporation Common Stock,$438.31 ,0.35,0.08%,"65,762,149,859.00",United States,,856196,Industrials,Industrial Machinery/Components
NOW,ServiceNow Inc. Common Stock,$787.24 ,17.8,2.31%,1.61E+11,United States,2012,1329880,Technology,Computer Software: Prepackaged Software
NRG,NRG Energy Inc. Common Stock,$54.45 ,0.2,0.37%,"12,292,873,540.00",United States,,2840898,Utilities,Electric Utilities: Central
NSC,Norfolk Southern Corporation Common Stock,$238.41 ,4.15,1.77%,"53,913,163,389.00",United States,,2765239,Industrials,Railroads
NTAP,NetApp Inc. Common Stock,$88.49 ,0.43,0.49%,"18,231,687,349.00",United States,1995,1137521,Technology,Electronic Components
NTNX,Nutanix Inc. Class A Common Stock,$56.94 ,1.87,3.40%,"13,818,751,290.00",United States,2016,3131599,Technology,Computer Software: Prepackaged Software
NTRS,Northern Trust Corporation Common Stock,$81.30 ,-0.3,-0.37%,"16,832,056,881.00",United States,,1101048,Finance,Major Banks
NUE,Nucor Corporation Common Stock,$176.64 ,1.54,0.88%,"43,425,000,783.00",United States,,2200465,Industrials,Steel/Iron Ore
NVDA,NVIDIA Corporation Common Stock,$624.65 ,14.34,2.35%,1.54E+12,United States,1999,34631294,Technology,Semiconductors
NVR,NVR Inc. Common Stock,"$7,106.33 ",70.52,1.00%,"22,591,236,260.00",United States,1998,17864,Consumer Discretionary,Homebuilding
O,Realty Income Corporation Common Stock,$54.92 ,-0.05,-0.09%,"39,757,886,528.00",United States,,6327404,Real Estate,Real Estate Investment Trusts
OC,Owens Corning Inc Common Stock New,$152.14 ,1.94,1.29%,"13,521,435,806.00",United States,,465732,Industrials,Industrial Machinery/Components
ODFL,Old Dominion Freight Line Inc. Common Stock,$397.23 ,4.56,1.16%,"43,343,216,778.00",United States,1991,584887,Industrials,Trucking Freight/Courier Services
OKE,ONEOK Inc. Common Stock,$69.65 ,-0.79,-1.12%,"40,574,658,623.00",United States,,2691000,Utilities,Oil & Gas Production
OKTA,Okta Inc. Class A Common Stock,$87.16 ,2.39,2.82%,"14,411,494,692.00",United States,2017,1362243,Technology,Computer Software: Prepackaged Software
OMC,Omnicom Group Inc. Common Stock,$91.34 ,0.45,0.50%,"18,079,307,088.00",United States,,1007896,Consumer Discretionary,Advertising
ON,ON Semiconductor Corporation Common Stock,$73.02 ,1.31,1.83%,"31,449,537,803.00",United States,,8609220,Technology,Semiconductors
ORCL,Oracle Corporation Common Stock,$113.75 ,-0.89,-0.78%,3.13E+11,United States,1986,7008974,Technology,Computer Software: Prepackaged Software
ORLY,O'Reilly Automotive Inc. Common Stock,"$1,030.01 ",7.5,0.73%,"60,937,631,872.00",United States,1993,255885,Consumer Discretionary,Auto & Home Supply Stores
OTIS,Otis Worldwide Corporation Common Stock ,$89.32 ,0.69,0.78%,"36,554,998,070.00",United States,2020,1485438,Technology,Consumer Electronics/Appliances
OWL,Blue Owl Capital Inc. Class A Common Stock,$15.96 ,0.11,0.69%,"22,486,114,160.00",United States,2020,4141315,Finance,Investment Managers
OXY,Occidental Petroleum Corporation Common Stock,$58.22 ,-0.18,-0.31%,"51,255,190,130.00",United States,,7169754,Energy,Oil & Gas Production
PAA,Plains All American Pipeline L.P. Common Units representing Limited Partner Interests,$16.20 ,-0.1,-0.61%,"11,356,078,694.00",United States,1998,4306271,Energy,Natural Gas Distribution
PAG,Penske Automotive Group Inc. Common Stock,$155.97 ,2.65,1.73%,"10,483,387,232.00",United States,,117436,Consumer Discretionary,Retail-Auto Dealers and Gas Stations
PANW,Palo Alto Networks Inc. Common Stock,$345.25 ,2.81,0.82%,1.09E+11,United States,,2617094,Technology,Computer peripheral equipment
PARAA,Paramount Global Class A Common Stock,$19.44 ,0.03,0.16%,"12,663,340,183.00",United States,,40347,Industrials,Broadcasting
PARAP,Paramount Global 5.75% Series A Mandatory Convertible Preferred Stock,$17.47 ,-0.135,-0.77%,"11,380,069,598.00",United States,,20620,Industrials,Broadcasting
PATH,UiPath Inc. Class A Common Stock,$24.19 ,1.45,6.38%,"13,693,433,085.00",United States,2021,11141886,Technology,Computer Software: Prepackaged Software
PAYC,Paycom Software Inc. Common Stock,$195.92 ,2.11,1.09%,"11,799,902,087.00",United States,2014,626648,Technology,Computer Software: Prepackaged Software
PAYX,Paychex Inc. Common Stock,$121.36 ,0.42,0.35%,"43,667,976,803.00",United States,1983,1490248,Consumer Discretionary,Diversified Commercial Services
PCAR,PACCAR Inc. Common Stock,$101.39 ,-0.37,-0.36%,"53,034,659,620.00",United States,,1832735,Consumer Discretionary,Auto Manufacturing
PCG,Pacific Gas & Electric Co. Common Stock,$17.03 ,0.04,0.24%,"48,971,920,657.00",United States,,11356469,Utilities,Power Generation
PCOR,Procore Technologies Inc. Common Stock,$72.73 ,1.8,2.54%,"10,436,204,652.00",United States,2021,774961,Technology,Computer Software: Prepackaged Software
PEAK,Healthpeak Properties Inc. Common Stock,$19.22 ,-0.2,-1.03%,"10,514,769,084.00",United States,,5757419,Real Estate,Real Estate Investment Trusts
PEG,Public Service Enterprise Group Incorporated Common Stock,$58.02 ,0.35,0.61%,"28,912,195,802.00",United States,,1992673,Utilities,Power Generation
PEP,PepsiCo Inc. Common Stock,$168.15 ,0.29,0.17%,2.31E+11,United States,,5709612,Consumer Staples,Beverages (Production/Distribution)
PFE,Pfizer Inc. Common Stock,$27.48 ,0.01,0.04%,1.55E+11,United States,,66934279,Health Care,Biotechnology: Pharmaceutical Preparations
PFG,Principal Financial Group Inc Common Stock,$80.42 ,-0.09,-0.11%,"19,173,102,127.00",United States,2001,584146,Finance,Accident &Health Insurance
PFGC,Performance Food Group Company Common Stock,$71.49 ,0.69,0.98%,"11,123,911,415.00",United States,2015,683485,Consumer Discretionary,Food Distributors
PFH,Prudential Financial Inc. 4.125% Junior Subordinated Notes due 2060,$20.48 ,0.0237,0.12%,"56,396,047,343.00",United States,2020,20153,Finance,Life Insurance
PG,Procter & Gamble Company (The) Common Stock,$156.16 ,0.02,0.01%,3.67E+11,United States,,8987193,Consumer Discretionary,Package Goods/Cosmetics
PGR,Progressive Corporation (The) Common Stock,$177.76 ,-1.66,-0.93%,1.04E+11,United States,,2000811,Finance,Property-Casualty Insurers
PH,Parker-Hannifin Corporation Common Stock,$476.50 ,4.91,1.04%,"61,218,730,136.00",United States,,615806,Industrials,Metal Fabrications
PHM,PulteGroup Inc. Common Stock,$106.06 ,0.94,0.89%,"22,866,003,579.00",United States,,2839439,Consumer Discretionary,Homebuilding
PINS,Pinterest Inc. Class A Common Stock,$39.17 ,1.47,3.90%,"26,414,623,659.00",United States,2019,15746748,Technology,Computer Software: Programming Data Processing
PKG,Packaging Corporation of America Common Stock,$169.70 ,-2.26,-1.31%,"15,209,243,201.00",United States,2000,790499,Consumer Discretionary,Containers/Packaging
PLD,Prologis Inc. Common Stock,$127.89 ,1.02,0.80%,1.18E+11,United States,,2553919,Real Estate,Real Estate Investment Trusts
PLTR,Palantir Technologies Inc. Class A Common Stock,$17.09 ,0.74,4.53%,"37,187,658,316.00",United States,2020,35801200,Technology,Retail: Computer Software & Peripheral Equipment
PM,Philip Morris International Inc Common Stock,$91.70 ,0.85,0.94%,1.42E+11,United States,,6509091,Health Care, Medicinal Chemicals and Botanical Products 
PNC,PNC Financial Services Group Inc. (The) Common Stock,$153.48 ,1.88,1.24%,"61,137,393,563.00",United States,,1176381,Finance,Major Banks
PODD,Insulet Corporation Common Stock,$199.36 ,3.9,2.00%,"13,920,834,124.00",United States,2007,798858,Health Care,Medical/Dental Instruments
POOL,Pool Corporation Common Stock,$383.43 ,6.04,1.60%,"14,830,753,770.00",United States,1995,262715,Consumer Discretionary,Industrial Specialties
PPG,PPG Industries Inc. Common Stock,$142.86 ,-0.18,-0.13%,"33,686,388,000.00",United States,,1897837,Consumer Discretionary,Paints/Coatings
PPL,PPL Corporation Common Stock,$26.00 ,0.11,0.43%,"19,165,234,114.00",United States,,3174058,Utilities,Electric Utilities: Central
PR,Permian Resources Corporation Class A Common Stock,$13.60 ,-0.03,-0.22%,"10,523,228,793.00",United States,2022,5553559,Energy,Oil & Gas Production
PRU,Prudential Financial Inc. Common Stock,$105.58 ,-0.64,-0.60%,"38,114,380,000.00",United States,2001,1199434,Finance,Life Insurance
PSA,Public Storage Common Stock,$289.81 ,-0.07,-0.02%,"50,959,078,109.00",United States,,629607,Real Estate,Real Estate Investment Trusts
PSTG,Pure Storage Inc. Class A Common Stock,$41.47 ,0.8,1.97%,"13,103,392,845.00",United States,2015,3129179,Technology,Electronic Components
PSX,Phillips 66 Common Stock,$139.09 ,-1.13,-0.81%,"61,193,420,927.00",United States,,3098416,Energy,Integrated oil Companies
PTC,PTC Inc. Common Stock,$184.85 ,4.2,2.33%,"22,077,917,435.00",United States,,1094576,Technology,Computer Software: Prepackaged Software
PWR,Quanta Services Inc. Common Stock,$197.06 ,0.76,0.39%,"28,629,840,423.00",United States,,1013446,Industrials,Engineering & Construction
PXD,Pioneer Natural Resources Company Common Stock,$230.41 ,-0.03,-0.01%,"53,756,699,962.00",United States,,1849932,Energy,Oil & Gas Production
PYPL,PayPal Holdings Inc. Common Stock,$63.76 ,1.98,3.21%,"68,742,220,682.00",United States,,15896366,Consumer Discretionary,Business Services
QCOM,QUALCOMM Incorporated Common Stock,$149.64 ,-1.08,-0.72%,1.67E+11,United States,1991,10763573,Technology,Radio And Television Broadcasting And Communications Equipment
QRTEP,Qurate Retail Inc. 8.0% Fixed Rate Cumulative Redeemable Preferred Stock,$40.10 ,-0.4,-0.99%,"15,614,836,542.00",United States,,40469,Consumer Discretionary,Catalog/Specialty Distribution
QRVO,Qorvo Inc. Common Stock,$103.70 ,0.02,0.02%,"10,094,754,794.00",United States,,1619758,Technology,Semiconductors
RBLX,Roblox Corporation Class A Common Stock,$41.18 ,0.77,1.91%,"25,685,489,578.00",United States,2021,4514664,Technology,EDP Services
RCL,Royal Caribbean Cruises Ltd. Common Stock,$127.39 ,3.93,3.18%,"32,641,789,899.00",United States,1993,2586496,Consumer Discretionary,Marine Transportation
REG,Regency Centers Corporation Common Stock,$63.50 ,-0.1,-0.16%,"11,720,892,294.00",United States,1993,815371,Real Estate,Real Estate Investment Trusts
REGN,Regeneron Pharmaceuticals Inc. Common Stock,$955.80 ,15.75,1.68%,1.04E+11,United States,1991,529960,Health Care,Biotechnology: Pharmaceutical Preparations
REXR,Rexford Industrial Realty Inc. Common Stock,$54.36 ,0.21,0.39%,"11,475,250,261.00",United States,2013,1124425,Real Estate,Real Estate Investment Trusts
RF,Regions Financial Corporation Common Stock,$19.40 ,0.25,1.31%,"18,043,259,797.00",United States,,5945109,Finance,Major Banks
RGA,Reinsurance Group of America Incorporated Common Stock,$171.81 ,0.78,0.46%,"11,323,269,485.00",United States,,321688,Finance,Life Insurance
RGEN,Repligen Corporation Common Stock,$192.21 ,-1.19,-0.62%,"10,731,471,219.00",United States,1986,1051121,Health Care,Medical/Dental Instruments
RIVN,Rivian Automotive Inc. Class A Common Stock,$16.12 ,0.83,5.43%,"15,438,407,583.00",United States,2021,37610037,Consumer Discretionary,Auto Manufacturing
RJF,Raymond James Financial Inc. Common Stock,$112.27 ,-0.95,-0.84%,"23,566,141,680.00",United States,,1627007,Finance,Investment Bankers/Brokers/Service
RKT,Rocket Companies Inc. Class A Common Stock,$12.80 ,0.56,4.58%,"25,373,141,466.00",United States,2020,1986863,Finance,Finance: Consumer Services
RMD,ResMed Inc. Common Stock,$191.23 ,1.08,0.57%,"28,127,808,052.00",United States,,1625879,Health Care,Medical/Dental Instruments
ROK,Rockwell Automation Inc. Common Stock,$304.62 ,1.62,0.54%,"34,931,547,002.00",United States,,534610,Industrials,Industrial Machinery/Components
ROKU,Roku Inc. Class A Common Stock,$93.27 ,4.27,4.80%,"13,290,586,251.00",United States,2017,4549126,Telecommunications,Cable & Other Pay Television Services
ROL,Rollins Inc. Common Stock,$43.25 ,0.02,0.05%,"20,934,637,359.00",United States,,1699435,Finance,Diversified Commercial Services
ROP,Roper Technologies Inc. Common Stock,$555.93 ,6.25,1.14%,"59,385,619,504.00",United States,1992,413000,Industrials,Industrial Machinery/Components
ROST,Ross Stores Inc. Common Stock,$142.94 ,1.18,0.83%,"48,123,076,062.00",United States,1985,1820870,Consumer Discretionary,Clothing/Shoe/Accessory Stores
RPM,RPM International Inc. Common Stock,$108.22 ,0.81,0.75%,"13,946,545,805.00",United States,,427510,Consumer Discretionary,Paints/Coatings
RPRX,Royalty Pharma plc Class A Ordinary Shares ,$29.05 ,-0.06,-0.21%,"17,355,402,069.00",United States,2020,1467762,Health Care,Biotechnology: Pharmaceutical Preparations
RS,Reliance Steel & Aluminum Co. Common Stock (DE),$284.84 ,3.55,1.26%,"16,370,104,868.00",United States,1994,165647,Industrials,Metal Fabrications
RSG,Republic Services Inc. Common Stock,$171.47 ,0.18,0.11%,"53,950,721,169.00",United States,1998,1257338,Utilities,Environmental Services
RTO,Rentokil Initial plc American Depositary Shares (each representing five (5) Ordinary Shares),$26.53 ,0.36,1.38%,"66,669,890,000.00",United States,2022,584066,Consumer Discretionary,Business Services
RTX,RTX Corporation Common Stock,$90.08 ,-0.33,-0.37%,1.30E+11,United States,,8488082,Industrials,Aerospace
RVTY,Revvity Inc. Common Stock,$110.08 ,0.08,0.07%,"13,584,674,263.00",United States,,771423,Industrials,Biotechnology: Laboratory Analytical Instruments
RYAN,Ryan Specialty Holdings Inc. Class A Common Stock,$43.99 ,0,0.00%,"11,448,423,586.00",United States,2021,417741,Finance,Specialty Insurers
SAIA,Saia Inc. Common Stock,$459.18 ,9.03,2.01%,"12,190,281,712.00",United States,,200453,Industrials,Trucking Freight/Courier Services
SBAC,SBA Communications Corporation Class A Common Stock,$227.57 ,-0.34,-0.15%,"24,551,851,645.00",United States,1999,771175,Real Estate,Real Estate Investment Trusts
SBUX,Starbucks Corporation Common Stock,$93.80 ,1,1.08%,1.07E+11,United States,1992,12723342,Consumer Discretionary,Restaurants
SCCO,Southern Copper Corporation Common Stock,$83.66 ,0.46,0.55%,"64,678,421,837.00",United States,,772915,Basic Materials,Metal Mining
SCHW,Charles Schwab Corporation (The) Common Stock,$63.94 ,-0.1,-0.16%,1.17E+11,United States,,5545351,Finance,Investment Bankers/Brokers/Service
SCI,Service Corporation International Common Stock,$69.17 ,-0.09,-0.13%,"10,219,502,144.00",United States,,908408,Consumer Discretionary,Other Consumer Services
SE,Sea Limited American Depositary Shares each representing one Class A Ordinary Share,$40.63 ,1.06,2.68%,"22,946,151,750.00",United States,2017,5290475,Consumer Discretionary,Other Consumer Services
SHW,Sherwin-Williams Company (The) Common Stock,$308.09 ,6.24,2.07%,"78,860,592,668.00",United States,,1564208,Consumer Discretionary,RETAIL: Building Materials
SIRI,Sirius XM Holdings Inc. Common Stock,$5.28 ,-0.06,-1.12%,"20,269,602,255.00",United States,,12751491,Consumer Discretionary,Broadcasting
SJM,The J.M. Smucker Company Common Stock,$131.59 ,-0.1,-0.08%,"13,967,463,695.00",United States,,1478458,Consumer Staples,Packaged Foods
SLMBP,SLM Corporation Floating Rate Non-Cumulative Preferred Stock Series B,$70.90 ,0.2622,0.37%,"16,042,617,941.00",United States,,165984,Finance,Finance: Consumer Services
SMCI,Super Micro Computer Inc. Common Stock,$495.67 ,21.52,4.54%,"26,425,923,363.00",United States,2020,11202931,Technology,Computer Manufacturing
SNA,Snap-On Incorporated Common Stock,$291.85 ,2.19,0.76%,"15,403,831,034.00",United States,,273249,Consumer Discretionary,Industrial Machinery/Components
SNAP,Snap Inc. Class A Common Stock,$16.89 ,0.64,3.94%,"27,807,619,742.00",United States,2017,18658826,Technology,Computer Software: Programming Data Processing
SNOW,Snowflake Inc. Class A Common Stock,$209.54 ,7.03,3.47%,"69,001,522,000.00",United States,2020,5283948,Technology,Computer Software: Prepackaged Software
SNPS,Synopsys Inc. Common Stock,$539.90 ,11.77,2.23%,"82,057,715,432.00",United States,1992,1073789,Technology,EDP Services
SO,Southern Company (The) Common Stock,$69.19 ,0.08,0.12%,"75,459,952,757.00",United States,,4673768,Utilities,Power Generation
SOJE,Southern Company (The) Series 2020C 4.20% Junior Subordinated Notes due October 15 2060,$20.69 ,-0.01,-0.05%,"15,995,655,604.00",United States,2020,41053,Basic Materials,Metal Mining
SPG,Simon Property Group Inc. Common Stock,$141.73 ,-0.23,-0.16%,"46,239,045,844.00",United States,,1305403,Real Estate,Real Estate Investment Trusts
SPGI,S&P Global Inc. Common Stock,$449.81 ,3.21,0.72%,1.43E+11,United States,,1073595,Finance,Finance: Consumer Services
SPLK,Splunk Inc. Common Stock,$153.64 ,0.28,0.18%,"25,888,340,000.00",United States,2012,1786913,Technology,Computer Software: Prepackaged Software
SQ,Block Inc. Class A Common Stock,$68.98 ,4.01,6.17%,"42,360,135,140.00",United States,2015,13206381,Technology,Computer Software: Prepackaged Software
SRE,DBA Sempra Common Stock,$71.49 ,0.58,0.82%,"44,990,662,866.00",United States,,3031704,Utilities,Oil/Gas Transmission
SREA,DBA Sempra 5.750% Junior Subordinated Notes due 2079,$25.22 ,0.12,0.48%,"15,871,653,623.00",United States,2019,26251,Consumer Discretionary,Professional Services
SRPT,Sarepta Therapeutics Inc. Common Stock (DE),$120.50 ,1.77,1.49%,"11,272,375,061.00",United States,,1157601,Health Care,Biotechnology: Pharmaceutical Preparations
SSNC,SS&C Technologies Holdings Inc. Common Stock,$61.96 ,0.5,0.81%,"15,336,073,330.00",United States,2010,703872,Technology,EDP Services
STE,STERIS plc (Ireland) Ordinary Shares,$216.69 ,0.6,0.28%,"21,409,006,887.00",United States,,357593,Health Care,Industrial Specialties
STLD,Steel Dynamics Inc.,$116.86 ,0.86,0.74%,"18,909,872,684.00",United States,1996,1736048,Industrials,Steel/Iron Ore
STT,State Street Corporation Common Stock,$74.84 ,-0.27,-0.36%,"23,094,389,963.00",United States,,1812700,Finance,Major Banks
STZ,Constellation Brands Inc. Common Stock,$250.80 ,1.3,0.52%,"45,851,273,305.00",United States,,1473743,Consumer Staples,Beverages (Production/Distribution)
SUI,Sun Communities Inc. Common Stock,$126.23 ,2.15,1.73%,"15,708,722,393.00",United States,1993,788751,Real Estate,Real Estate Investment Trusts
SWK,Stanley Black & Decker Inc. Common Stock,$96.46 ,1.77,1.87%,"14,788,418,802.00",United States,,1287170,Consumer Discretionary,Industrial Machinery/Components
SWKS,Skyworks Solutions Inc. Common Stock,$106.15 ,1.56,1.49%,"16,979,209,132.00",United States,,2134740,Technology,Semiconductors
SYF,Synchrony Financial Common Stock,$39.22 ,-0.32,-0.81%,"16,229,406,999.00",United States,2014,3788538,Finance,Finance: Consumer Services
SYK,Stryker Corporation Common Stock,$314.50 ,3.14,1.01%,1.19E+11,United States,,1427336,Health Care,Medical/Dental Instruments
SYM,Symbotic Inc. Class A Common Stock,$44.07 ,3.07,7.49%,"25,265,149,608.00",United States,2021,1086687,Industrials,Industrial Machinery/Components
SYY,Sysco Corporation Common Stock,$75.17 ,0.02,0.03%,"37,913,640,985.00",United States,,3720106,Consumer Discretionary,Food Distributors
T,AT&T Inc.,$17.25 ,-0.04,-0.23%,1.23E+11,United States,,38245570,Telecommunications,Telecommunications Equipment
TBB,AT&T Inc. 5.350% Global Notes due 2066,$23.95 ,0.06,0.25%,1.71E+11,United States,2017,36100,Telecommunications,Telecommunications Equipment
TBC,AT&T Inc. 5.625% Global Notes due 2067,$24.97 ,-0.02,-0.08%,1.79E+11,United States,2018,159327,Telecommunications,Telecommunications Equipment
TDG,Transdigm Group Incorporated Common Stock,"$1,081.73 ",-0.75,-0.07%,"59,834,925,720.00",United States,2006,145442,Industrials,Military/Government/Technical
TDY,Teledyne Technologies Incorporated Common Stock,$429.17 ,10.21,2.44%,"20,250,256,411.00",United States,,211221,Industrials,Industrial Machinery/Components
TECH,Bio-Techne Corp Common Stock,$72.78 ,0.15,0.21%,"11,510,184,584.00",United States,,1080548,Health Care,Biotechnology: Biological Products (No Diagnostic Substances)
TER,Teradyne Inc. Common Stock,$106.07 ,0.61,0.58%,"16,215,846,679.00",United States,,1720853,Industrials,Electrical Products
TFC,Truist Financial Corporation Common Stock,$38.09 ,0.25,0.66%,"50,799,417,053.00",United States,,9065395,Finance,Major Banks
TFX,Teleflex Incorporated Common Stock,$247.02 ,2.57,1.05%,"11,608,127,861.00",United States,,127316,Health Care,Medical/Dental Instruments
TGT,Target Corporation Common Stock,$141.52 ,-1.01,-0.71%,"65,334,377,936.00",United States,,4878725,Consumer Discretionary,Department/Specialty Retail Stores
TJX,TJX Companies Inc. (The) Common Stock,$96.41 ,0.03,0.03%,1.10E+11,United States,,3635989,Consumer Discretionary,Clothing/Shoe/Accessory Stores
TME,Tencent Music Entertainment Group American Depositary Shares each representing two Class A Ordinary Shares,$9.09 ,0.07,0.78%,"15,599,141,121.00",United States,2018,9315537,Consumer Discretionary,Broadcasting
TMO,Thermo Fisher Scientific Inc Common Stock,$557.77 ,10.44,1.91%,2.16E+11,United States,,2445912,Industrials,Industrial Machinery/Components
TMUS,T-Mobile US Inc. Common Stock,$163.09 ,0.93,0.57%,1.89E+11,United States,,6603539,Telecommunications,Telecommunications Equipment
TOL,Toll Brothers Inc. Common Stock,$99.69 ,1.22,1.24%,"10,378,725,900.00",United States,,1341248,Consumer Discretionary,Homebuilding
TOST,Toast Inc. Class A Common Stock,$18.75 ,1.3,7.45%,"10,128,898,106.00",United States,2021,10206076,Technology,EDP Services
TPG,TPG Inc. Class A Common Stock,$42.19 ,0.17,0.41%,"13,047,221,301.00",United States,2022,499756,Finance,Investment Managers
TPL,Texas Pacific Land Corporation Common Stock,"$1,520.85 ",32.16,2.16%,"11,672,321,477.00",United States,,13547,Energy,Oil & Gas Production
TRGP,Targa Resources Inc. Common Stock,$86.48 ,-0.33,-0.38%,"19,282,929,888.00",United States,2010,1058641,Utilities,Natural Gas Distribution
TRI,Thomson Reuters Corp Common Shares,$149.52 ,0.16,0.11%,"70,738,140,766.00",United States,,158729,,
TRMB,Trimble Inc. Common Stock,$51.58 ,0.6,1.18%,"12,831,431,003.00",United States,1990,930220,Industrials,Industrial Machinery/Components
TROW,T. Rowe Price Group Inc. Common Stock,$111.65 ,1.56,1.42%,"24,950,461,675.00",United States,1986,927797,Finance,Investment Bankers/Brokers/Service
TRU,TransUnion Common Stock,$70.13 ,2.44,3.61%,"13,584,181,000.00",United States,2015,1447254,Finance,Finance: Consumer Services
TRV,The Travelers Companies Inc. Common Stock,$211.12 ,-0.31,-0.15%,"48,219,691,040.00",United States,,1194765,Finance,Property-Casualty Insurers
TSCO,Tractor Supply Company Common Stock,$226.34 ,-1.28,-0.56%,"24,470,568,933.00",United States,1994,2019724,Consumer Discretionary,RETAIL: Building Materials
TSLA,Tesla Inc. Common Stock,$190.93 ,7.68,4.19%,6.07E+11,United States,2010,124480347,Consumer Discretionary,Auto Manufacturing
TSN,Tyson Foods Inc. Common Stock,$54.66 ,-0.33,-0.60%,"19,417,409,053.00",United States,,1491027,Consumer Staples,Meat/Poultry/Fish
TTD,The Trade Desk Inc. Class A Common Stock,$71.51 ,3.5,5.15%,"35,061,139,400.00",United States,2016,4077406,Technology,Computer Software: Programming Data Processing
TTWO,Take-Two Interactive Software Inc. Common Stock,$168.02 ,0.63,0.38%,"28,574,761,512.00",United States,1997,1155364,Technology,Computer Software: Prepackaged Software
TVE,Tennessee Valley Authority,$22.22 ,0.04,0.18%,"17,685,476,609.00",United States,,10181,Utilities,Electric Utilities: Central
TW,Tradeweb Markets Inc. Class A Common Stock,$99.02 ,1.19,1.22%,"23,243,901,131.00",United States,2019,901672,Finance,Investment Bankers/Brokers/Service
TWLO,Twilio Inc. Class A Common Stock,$74.59 ,2.68,3.73%,"13,503,987,077.00",United States,2016,2587894,Technology,Computer Software: Prepackaged Software
TXN,Texas Instruments Incorporated Common Stock,$166.04 ,1.95,1.19%,1.51E+11,United States,,6075865,Technology,Semiconductors
TXT,Textron Inc. Common Stock,$85.77 ,0.94,1.11%,"16,811,388,047.00",United States,,1377555,Industrials,Aerospace
TYL,Tyler Technologies Inc. Common Stock,$436.41 ,5.79,1.35%,"18,383,416,012.00",United States,,148103,Technology,Computer Software: Prepackaged Software
U,Unity Software Inc. Common Stock,$34.60 ,1.49,4.50%,"13,148,658,161.00",United States,2020,7714336,Technology,Retail: Computer Software & Peripheral Equipment
UAL,United Airlines Holdings Inc. Common Stock,$42.09 ,-0.46,-1.08%,"13,806,137,881.00",United States,,7929334,Consumer Discretionary,Air Freight/Delivery Services
UBER,Uber Technologies Inc. Common Stock,$66.98 ,1.46,2.23%,1.38E+11,United States,2019,15891981,Consumer Discretionary,Business Services
UDR,UDR Inc. Common Stock,$36.74 ,0.05,0.14%,"12,084,819,643.00",United States,,2415437,Real Estate,Real Estate Investment Trusts
UGIC,UGI Corporation Corporate Units,$56.02 ,0.05,0.09%,"11,814,594,640.00",United States,2021,31646,Utilities,Natural Gas Distribution
UHAL,U-Haul Holding Company Common Stock,$67.93 ,0.91,1.36%,"13,319,570,388.00",United States,2022,48550,Consumer Discretionary,Rental/Leasing Companies
UHS,Universal Health Services Inc. Common Stock,$156.85 ,-0.72,-0.46%,"10,706,377,722.00",United States,,487948,Health Care,Hospital/Nursing Management
ULTA,Ulta Beauty Inc. Common Stock,$507.99 ,14.4,2.92%,"24,668,765,021.00",United States,2007,910686,Consumer Discretionary,Other Specialty Stores
UNH,UnitedHealth Group Incorporated Common Stock (DE),$504.54 ,1.34,0.27%,4.67E+11,United States,,4552206,Health Care,Medical Specialities
UNP,Union Pacific Corporation Common Stock,$245.17 ,4.78,1.99%,1.49E+11,United States,,2844548,Industrials,Railroads
UPS,United Parcel Service Inc. Common Stock,$158.02 ,-1.28,-0.80%,1.35E+11,United States,1999,5447738,Industrials,Trucking Freight/Courier Services
URI,United Rentals Inc. Common Stock,$647.73 ,16.98,2.69%,"43,522,032,557.00",United States,1997,597805,,
USB,U.S. Bancorp Common Stock,$42.95 ,0.31,0.73%,"66,873,682,838.00",United States,,7475726,Finance,Major Banks
USFD,US Foods Holding Corp. Common Stock,$45.39 ,0.15,0.33%,"11,159,201,855.00",United States,2016,1165783,Consumer Discretionary,Food Distributors
UTHR,United Therapeutics Corporation Common Stock,$216.91 ,-1.1,-0.51%,"10,193,381,993.00",United States,1999,310629,Health Care,Biotechnology: Pharmaceutical Preparations
UWMC,UWM Holdings Corporation Class A Common Stock,$6.71 ,0.15,2.29%,"10,707,308,416.00",United States,,627447,Finance,Finance: Consumer Services
V,Visa Inc.,$273.66 ,5.72,2.14%,5.02E+11,United States,,6573590,Consumer Discretionary,Business Services
VEEV,Veeva Systems Inc. Class A Common Stock,$213.42 ,4.69,2.25%,"34,363,959,810.00",United States,2013,993773,Technology,Computer Software: Prepackaged Software
VICI,VICI Properties Inc. Common Stock,$30.43 ,0.03,0.10%,"31,480,811,955.00",United States,2018,6263284,Real Estate,Real Estate Investment Trusts
VLO,Valero Energy Corporation Common Stock,$138.38 ,0.47,0.34%,"47,111,878,114.00",United States,,3463983,Energy,Integrated oil Companies
VLTO,Veralto Corp Common Stock ,$77.90 ,0.91,1.18%,"19,187,397,640.00",United States,2023,1044138,Industrials,Electrical Products
VLYPO,Valley National Bancorp 5.50% Fixed-to-Floating Rate Non-Cumulative Perpetual Preferred Stock Series B,$24.09 ,0.0278,0.12%,"12,228,992,558.00",United States,,8248,Finance,Major Banks
VLYPP,Valley National Bancorp 6.25% Fixed-to-Floating Rate Non-Cumulative Perpetual Preferred Stock Series A,$22.30 ,0.21,0.95%,"11,321,354,962.00",United States,,28243,Finance,Major Banks
VMC,Vulcan Materials Company (Holding Company) Common Stock,$229.37 ,7.01,3.15%,"30,477,168,776.00",United States,,696864,Industrials,Mining & Quarrying of Nonmetallic Minerals (No Fuels)
VRSK,Verisk Analytics Inc. Common Stock,$244.57 ,0.42,0.17%,"35,459,362,490.00",United States,2009,644427,Technology,EDP Services
VRSN,VeriSign Inc. Common Stock,$202.90 ,-0.21,-0.10%,"20,716,090,000.00",United States,1998,433765,Technology,EDP Services
VRT,Vertiv Holdings LLC Class A Common Stock,$54.90 ,1.44,2.69%,"20,941,138,350.00",United States,2018,5311565,Technology,Industrial Machinery/Components
VRTX,Vertex Pharmaceuticals Incorporated Common Stock,$435.82 ,5.65,1.31%,1.12E+11,United States,1991,1004115,Technology,EDP Services
VST,Vistra Corp. Common Stock,$40.56 ,-0.22,-0.54%,"14,502,322,789.00",United States,,1941283,Utilities,Power Generation
VTR,Ventas Inc. Common Stock,$48.09 ,0.69,1.46%,"19,350,490,123.00",United States,,1762917,Real Estate,Real Estate Investment Trusts
VTRS,Viatris Inc. Common Stock,$11.88 ,-0.05,-0.42%,"14,252,091,480.00",United States,,6216533,Health Care, Medicinal Chemicals and Botanical Products 
VZ,Verizon Communications Inc. Common Stock,$42.05 ,-0.35,-0.83%,1.77E+11,United States,,23901741,Telecommunications,Telecommunications Equipment
WAB,Westinghouse Air Brake Technologies Corporation Common Stock,$131.20 ,1.22,0.94%,"23,505,681,792.00",United States,,1093912,Industrials,Railroads
WAT,Waters Corporation Common Stock,$324.36 ,8.24,2.61%,"19,178,426,260.00",United States,1995,383100,Industrials,Biotechnology: Laboratory Analytical Instruments
WBA,Walgreens Boots Alliance Inc. Common Stock,$22.72 ,-0.13,-0.57%,"19,593,171,973.00",United States,,12196094,Consumer Staples,Retail-Drug Stores and Proprietary Stores
WBD,Warner Bros. Discovery Inc. Series A Common Stock ,$10.49 ,-0.13,-1.22%,"25,580,553,543.00",United States,,24540176,Telecommunications,Cable & Other Pay Television Services
WDAY,Workday Inc. Class A Common Stock,$296.73 ,8.1,2.81%,"78,039,990,000.00",United States,,1296088,Technology,EDP Services
WDC,Western Digital Corporation Common Stock,$59.75 ,1.52,2.61%,"19,373,529,049.00",United States,,9377825,Technology,Electronic Components
WEC,WEC Energy Group Inc. Common Stock,$80.45 ,0.58,0.73%,"25,376,708,019.00",United States,,2784571,Utilities,Power Generation
WELL,Welltower Inc. Common Stock,$87.17 ,-0.22,-0.25%,"46,720,428,278.00",United States,,1580325,Real Estate,Real Estate Investment Trusts
WES,Western Midstream Partners LP Common Units Representing Limited Partner Interests,$29.77 ,0.37,1.26%,"11,298,202,305.00",United States,2012,1094282,Utilities,Natural Gas Distribution
WFC,Wells Fargo & Company Common Stock,$50.35 ,0.03,0.06%,1.83E+11,United States,,16712048,Finance,Major Banks
WLK,Westlake Corporation Common Stock,$141.18 ,-0.01,-0.01%,"18,090,913,626.00",United States,2004,184969,Industrials,Major Chemicals
WM,Waste Management Inc. Common Stock,$185.35 ,-0.46,-0.25%,"74,654,425,394.00",United States,,1400002,Utilities,Environmental Services
WMB,Williams Companies Inc. (The) Common Stock,$34.81 ,-0.06,-0.17%,"42,346,318,772.00",United States,,6037674,Utilities,Natural Gas Distribution
WMG,Warner Music Group Corp. Class A Common Stock,$37.06 ,-0.17,-0.46%,"19,191,916,578.00",United States,2020,1283327,Consumer Discretionary,Services-Misc. Amusement & Recreation
WMS,Advanced Drainage Systems Inc. Common Stock,$133.22 ,2.14,1.63%,"10,378,881,912.00",United States,2014,272799,Consumer Discretionary,Containers/Packaging
WMT,Walmart Inc. Common Stock,$165.04 ,0.77,0.47%,4.44E+11,United States,,6079222,Consumer Discretionary,Department/Specialty Retail Stores
WPC,W. P. Carey Inc. REIT,$63.26 ,0.42,0.67%,"13,833,182,749.00",United States,,1258826,Real Estate,Real Estate Investment Trusts
WRB,W.R. Berkley Corporation Common Stock,$81.19 ,-0.28,-0.34%,"20,936,630,440.00",United States,,1508824,Finance,Property-Casualty Insurers
WRK,Westrock Company Common Stock,$41.81 ,-0.58,-1.37%,"10,722,973,071.00",United States,2015,2519639,,
WSM,Williams-Sonoma Inc. Common Stock (DE),$201.49 ,-7.06,-3.39%,"12,924,479,133.00",United States,,1333757,Consumer Discretionary,Home Furnishings
WSO,Watsco Inc. Common Stock,$392.79 ,9.28,2.42%,"15,473,657,638.00",United States,,345344,Consumer Discretionary,Industrial Machinery/Components
WST,West Pharmaceutical Services Inc. Common Stock,$370.50 ,9.14,2.53%,"27,413,172,735.00",United States,,557645,Health Care,Medical/Dental Instruments
WTRG,Essential Utilities Inc. Common Stock,$36.80 ,0.21,0.57%,"10,052,502,066.00",United States,,2327982,Utilities,Water Supply
WY,Weyerhaeuser Company Common Stock,$32.99 ,-0.12,-0.36%,"24,082,732,990.00",United States,,3870577,Real Estate,Real Estate Investment Trusts
WYNN,Wynn Resorts Limited Common stock,$97.06 ,0.33,0.34%,"10,962,538,081.00",United States,2002,1261590,Consumer Discretionary,Hotels/Resorts
X,United States Steel Corporation Common Stock,$48.25 ,-0.06,-0.12%,"10,761,607,625.00",United States,,2054856,Industrials,Steel/Iron Ore
XEL,Xcel Energy Inc. Common Stock,$59.66 ,0.27,0.46%,"32,921,361,592.00",United States,,4798767,Utilities,Power Generation
XOM,Exxon Mobil Corporation Common Stock,$103.13 ,0.13,0.13%,4.09E+11,United States,,18308295,Energy,Integrated oil Companies
XPO,XPO Inc. Common Stock,$87.73 ,0.84,0.97%,"10,174,326,204.00",United States,,1013601,Consumer Discretionary,Transportation Services
XYL,Xylem Inc. Common Stock New,$113.36 ,0.97,0.86%,"27,328,577,141.00",United States,2011,1308094,Industrials,Fluid Controls
YUM,Yum! Brands Inc.,$130.55 ,1.46,1.13%,"36,594,237,990.00",United States,,1482088,Consumer Discretionary,Restaurants
YUMC,Yum China Holdings Inc. Common Stock,$36.12 ,0.62,1.75%,"14,941,192,232.00",United States,2016,2829659,Consumer Discretionary,Restaurants
Z,Zillow Group Inc. Class C Capital Stock,$58.41 ,1.86,3.29%,"13,644,760,459.00",United States,,3244731,Consumer Discretionary,Business Services
ZBH,Zimmer Biomet Holdings Inc. Common Stock,$122.92 ,1.23,1.01%,"25,687,908,996.00",United States,,1261063,Health Care,Industrial Specialties
ZBRA,Zebra Technologies Corporation Class A Common Stock,$255.93 ,3.76,1.49%,"13,144,463,452.00",United States,1991,493220,Industrials,Industrial Machinery/Components
ZG,Zillow Group Inc. Class A Common Stock,$56.65 ,1.68,3.06%,"13,233,618,901.00",United States,2011,520038,Consumer Discretionary,Business Services
ZM,Zoom Video Communications Inc. Class A Common Stock,$68.93 ,1.19,1.76%,"20,983,911,924.00",United States,2019,2655762,Technology,Computer Software: Programming Data Processing
ZS,Zscaler Inc. Common Stock,$245.05 ,8.22,3.47%,"36,349,110,697.00",United States,2018,1376897,Technology,EDP Services
ZTS,Zoetis Inc. Class A Common Stock,$192.76 ,1.24,0.65%,"88,498,755,077.00",United States,2013,1669864,Health Care,Biotechnology: Pharmaceutical Preparations
